base_id,n,mode,kind,step_fraction,step,status,gap,curvature,H_mid,H_minus,H_plus,min_probability,normalization_residual,mobius_max_error,finite_difference_curvature,min_diagonal_separation,min_cross_block_bridge,min_supported_edge,exact_margin_mid,exact_margin_minus,exact_margin_plus,error
n8_00,8,0,BASE,,,NO_SIGNAL,,-0.3752865486646762,5.507773426820899,,,0.0020763097606516182,0.0,1.4354836763708079e-16,-0.37528664620367636,0.014897066211999987,0.110897378125,0.085591441945,0.114999,,,
n8_00,8,0,CHORD,0.15,0.013242407214467485,NO_SIGNAL,-3.2964170535443316e-05,-0.3752865486646762,5.507773426820899,5.507822532129126,5.507658393171601,0.002059683958655201,3.3306690738754696e-16,,,0.014870687775000002,0.110865490464,0.076502725654,0.114999,0.115971,0.113777,
n8_00,8,0,CHORD,0.4,0.03531308590524663,NO_SIGNAL,-0.0002369677280240623,-0.3752865486646762,5.507773426820899,5.507787867808584,5.507285050377166,0.0020276989013028515,0.0,,,0.014826723713000034,0.110812344362,0.061354865168,0.114999,0.117065,0.111222,
n8_00,8,0,CHORD,0.8,0.07062617181049326,NO_SIGNAL,-0.0009836090830059874,-0.3752865486646762,5.507773426820899,5.5075200166262555,5.50605961884953,0.0019653409075066994,0.0,,,0.01475638121399997,0.110727310598,0.037118288391,0.114999,0.117801,0.106086,
n8_01,8,1,BASE,,,NO_SIGNAL,,-1.056425713418532,5.381372333761977,,,0.00031397330939294464,2.220446049250313e-16,2.7560419224581523e-16,-1.056425702472552,0.023827862822,0.143282874246,0.139742550013,0.029999,,,
n8_01,8,1,CHORD,0.15,0.026841257820006754,NO_SIGNAL,-0.00038171416743892905,-1.056425713418532,5.381372333761977,5.381434854397838,5.380546384791239,0.0003058027755295588,2.220446049250313e-16,,,0.023504473625000022,0.143074125918,0.122531167511,0.029999,0.029001,0.030867,
n8_01,8,1,CHORD,0.4,0.07157668752001801,NO_SIGNAL,-0.0027651142365936465,-1.056425713418532,5.381372333761977,5.379489080564139,5.377725358486629,0.000287980798062536,2.220446049250313e-16,,,0.022965491631000035,0.142726212038,0.093845530009,0.029999,0.027025,0.03204,
n8_01,8,1,CHORD,0.8,0.14315337504003603,NO_SIGNAL,-0.011781236826356789,-1.056425713418532,5.381372333761977,5.3692506437028955,5.369931550168344,0.00024787763148504267,2.220446049250313e-16,,,0.022103120440000013,0.14216954983,0.047948510004,0.029999,0.022965,0.03328,
n8_02,8,2,BASE,,,NO_SIGNAL,,-1.1016898626195157,5.3376807706440825,,,2.9715770618379773e-05,0.0,9.768661574094395e-17,-1.1016897616400456,0.024485949954999975,0.139320744751,0.139320744751,0.002499,,,
n8_02,8,2,CHORD,0.15,0.015016627785557618,NO_SIGNAL,-0.00012434931072480282,-1.1016898626195157,5.3376807706440825,5.3369686082409045,5.338144234425811,2.6915257130131253e-05,0.0,,,0.024471264283999983,0.128751223228,0.128751223228,0.002499,0.002314,0.002631,
n8_02,8,2,CHORD,0.4,0.04004434076148699,NO_SIGNAL,-0.0008901369235028156,-1.1016898626195157,5.3376807706440825,5.335121249125168,5.338460018315992,2.0959905149778288e-05,3.3306690738754696e-16,,,0.024446788166000044,0.111135354023,0.111135354023,0.002499,0.001875,0.002743,
n8_02,8,2,CHORD,0.8,0.08008868152297398,NO_SIGNAL,-0.00364551515310918,-1.1016898626195157,5.3376807706440825,5.329978172584267,5.338092338397679,8.08340686075817e-06,1.1102230246251565e-16,,,0.024407626377000002,0.082949963295,0.082949963295,0.002499,0.000775,0.002667,
n8_03,8,0,BASE,,,NO_SIGNAL,,-0.377529689641613,5.510986066000422,,,0.0021448221768408655,2.220446049250313e-16,1.196959198423997e-16,-0.377529829620471,0.013929308803999951,0.095290547534,0.089541823861,0.115,,,
n8_03,8,0,CHORD,0.15,0.017187529077988165,NO_SIGNAL,-5.587612905877393e-05,-0.377529689641613,5.510986066000422,5.510961800791979,5.510898578950748,0.0021405674647002157,2.220446049250313e-16,,,0.013924448373999976,0.095290528831,0.079860550282,0.115,0.114819,0.115157,
n8_03,8,0,CHORD,0.4,0.04583341087463511,NO_SIGNAL,-0.0004022478009941821,-0.377529689641613,5.510986066000422,5.510690419187575,5.510477217211281,0.002128040611096187,2.220446049250313e-16,,,0.013916347657999983,0.09529049766,0.063725094317,0.115,0.114464,0.11537,
n8_03,8,0,CHORD,0.8,0.09166682174927022,NO_SIGNAL,-0.0016775445796533006,-0.377529689641613,5.510986066000422,5.509677448868088,5.50893959397345,0.0020938249047174444,2.220446049250313e-16,,,0.013903386512999993,0.095290447785,0.037908364774,0.115,0.113731,0.11557,
n8_04,8,1,BASE,,,NO_SIGNAL,,-0.760282760253914,5.429703069784741,,,0.0005164280324377076,0.0,1.4203048459560108e-16,-0.7602830365271984,0.021668779494000034,0.126828620873,0.126319789115,0.029999,,,
n8_04,8,1,CHORD,0.15,0.02579810062423298,NO_SIGNAL,-0.0002537211772963843,-0.760282760253914,5.429703069784741,5.429316764382353,5.429581932832535,0.0005144193105710964,2.220446049250313e-16,,,0.02160544134800002,0.126789569505,0.111121820748,0.029999,0.030139,0.02985,
n8_04,8,1,CHORD,0.4,0.06879493499795462,NO_SIGNAL,-0.0018356404861119557,-0.760282760253914,5.429703069784741,5.4273647697902,5.428370088807057,0.0005076360705657388,0.0,,,0.021499877772999998,0.126724483891,0.08579187347,0.029999,0.030351,0.029576,
n8_04,8,1,CHORD,0.8,0.13758986999590925,NO_SIGNAL,-0.007784721936308081,-0.760282760253914,5.429703069784741,5.4198745127493835,5.423962182947481,0.0004877094054884831,0.0,,,0.021330976052000072,0.126620346908,0.045263957825,0.029999,0.030647,0.029056,
n8_05,8,2,BASE,,,NO_SIGNAL,,-1.2709918188270757,5.321958728494302,,,3.583064723357776e-05,1.1102230246251565e-16,1.6067876196235176e-16,-1.2709918451037083,0.024482434711999956,0.198594014301,0.160294843081,0.0025,,,
n8_05,8,2,CHORD,0.15,0.02874609195299323,NO_SIGNAL,-0.0005265230053357328,-1.2709918188270757,5.321958728494302,5.320853170033434,5.322011240944497,3.5297685943363536e-05,2.220446049250313e-16,,,0.023406013133999926,0.197486992778,0.143339743674,0.0025,0.002481,0.00245,
n8_05,8,2,CHORD,0.4,0.07665624520798196,NO_SIGNAL,-0.003804952479391055,-1.2709918188270757,5.321958728494302,5.316312147288311,5.31999540474151,3.202962841211043e-05,2.220446049250313e-16,,,0.021611977171000052,0.195641956906,0.115081244663,0.0025,0.002289,0.00222,
n8_05,8,2,CHORD,0.8,0.15331249041596393,NO_SIGNAL,-0.016094901992216748,-1.2709918188270757,5.321958728494302,5.300107232435084,5.311620420569087,2.0431842783827875e-05,2.220446049250313e-16,,,0.018741519631000014,0.192689899512,0.069867646245,0.0025,0.001517,0.001481,
n11_00,11,0,BASE,,,NO_SIGNAL,,-0.27978270630220164,7.5917446699231474,,,0.0002035655539414404,0.0,,-0.27978295236152917,0.008787036746999988,0.097964791377,0.075890940312,0.114999,,,
n11_00,11,0,CHORD,0.15,0.010796795415383616,NO_SIGNAL,-1.633479110640934e-05,-0.27978270630220164,7.5917446699231474,7.591625824246408,7.5918308460176736,0.00020254467286329368,0.0,,,0.008784725439999974,0.097964789893,0.068257299266,0.114999,0.11472,0.115247,
n11_00,11,0,CHORD,0.4,0.02879145444102298,NO_SIGNAL,-0.00011735576995874908,-0.27978270630220164,7.5917446699231474,7.591336187580584,7.591918440725793,0.0002010970181966357,0.0,,,0.008780873260999966,0.097964787421,0.055534564188,0.114999,0.114169,0.1156,
n11_00,11,0,CHORD,0.8,0.05758290888204596,NO_SIGNAL,-0.00048615318615929937,-0.27978270630220164,7.5917446699231474,7.590552191869024,7.591964841604952,0.0001994408503690519,2.220446049250313e-16,,,0.008774709775,0.097964783465,0.035178188064,0.114999,0.112994,0.116044,
n11_01,11,1,BASE,,,NO_SIGNAL,,-0.7175897390484899,7.489472490925091,,,3.76446363922205e-05,4.440892098500626e-16,,-0.717589365706317,0.01281651136999995,0.117255205226,0.117255205226,0.03,,,
n11_01,11,1,CHORD,0.15,0.019930996665991314,NO_SIGNAL,-0.00014286231831395213,-0.7175897390484899,7.489472490925091,7.489838141017017,7.488821116196537,3.696929453365404e-05,4.440892098500626e-16,,,0.012801662616999998,0.117106921129,0.104284624815,0.03,0.030409,0.029531,
n11_01,11,1,CHORD,0.4,0.05314932444264351,NO_SIGNAL,-0.0010304073136930825,-0.7175897390484899,7.489472490925091,7.489974249394681,7.486909917828114,3.567694914957934e-05,4.440892098500626e-16,,,0.012776914693999997,0.116859780967,0.080965617517,0.03,0.030982,0.028596,
n11_01,11,1,CHORD,0.8,0.10629864888528702,NO_SIGNAL,-0.00432556637371917,-0.7175897390484899,7.489472490925091,7.489445547691869,7.480848301410875,3.317453486978575e-05,4.440892098500626e-16,,,0.012737318019999999,0.116464356709,0.04365520584,0.03,0.031669,0.026571,
n11_02,11,2,BASE,,,NO_SIGNAL,,-0.937570543207562,7.367784435313018,,,2.6563080923949863e-06,0.0,,-0.937570554526701,0.014637814513000003,0.139122624823,0.134651210072,0.002499,,,
n11_02,11,2,CHORD,0.15,0.023869069820956233,NO_SIGNAL,-0.0002677303644880169,-0.937570543207562,7.367784435313018,7.368209276095516,7.366824133801544,2.554631232177235e-06,0.0,,,0.014564972753999983,0.138913240517,0.118203528562,0.002499,0.002543,0.002449,
n11_02,11,2,CHORD,0.4,0.06365085285588329,NO_SIGNAL,-0.00193211705775731,-0.937570543207562,7.367784435313018,7.36801972440472,7.363684912105802,2.355997026634699e-06,0.0,,,0.014443569823000046,0.138564266674,0.090790726044,0.002499,0.002603,0.002346,
n11_02,11,2,CHORD,0.8,0.12730170571176658,NO_SIGNAL,-0.008128024926014277,-0.937570543207562,7.367784435313018,7.366242301069677,7.353070519704331,1.9610017118655816e-06,4.440892098500626e-16,,,0.014249325133000035,0.138005908524,0.046930242016,0.002499,0.00267,0.002119,
n11_03,11,0,BASE,,,NO_SIGNAL,,-0.3641083691190027,7.573168989717637,,,0.00020635491830089692,2.220446049250313e-16,,-0.36410874315606634,0.010930986157999978,0.086365453592,0.086365453592,0.115,,,
n11_03,11,0,CHORD,0.15,0.013018213399940632,NO_SIGNAL,-3.091246530928515e-05,-0.3641083691190027,7.573168989717637,7.5729515442758,7.573324610228854,0.00020475817079612874,4.440892098500626e-16,,,0.010930971643999976,0.077160635554,0.077160635554,0.115,0.11468,0.114914,
n11_03,11,0,CHORD,0.4,0.034715235733175025,NO_SIGNAL,-0.00022238845610456082,-0.3641083691190027,7.573168989717637,7.572413398640551,7.573479803882513,0.00020173024382144367,2.220446049250313e-16,,,0.010930947452999995,0.061819272156,0.061819272156,0.115,0.113378,0.114748,
n11_03,11,0,CHORD,0.8,0.06943047146635005,NO_SIGNAL,-0.000925443346469379,-0.3641083691190027,7.573168989717637,7.570927130686988,7.573559962055346,0.00019593227433521221,2.220446049250313e-16,,,0.010930908748000012,0.03727309072,0.03727309072,0.115,0.110191,0.114421,
n11_04,11,1,BASE,,,NO_SIGNAL,,-0.8442181834877902,7.451120008450857,,,2.9937641045996574e-05,2.220446049250313e-16,,-0.8442180288170675,0.013675543198000017,0.144233965265,0.128113482124,0.03,,,
n11_04,11,1,CHORD,0.15,0.022081820896631018,NO_SIGNAL,-0.00020633048474660853,-0.8442181834877902,7.451120008450857,7.451564510133188,7.450262845799033,2.9324754879052007e-05,2.220446049250313e-16,,,0.013523960037000016,0.144172475608,0.112646459806,0.03,0.030102,0.029881,
n11_04,11,1,CHORD,0.4,0.058884855724349386,NO_SIGNAL,-0.0014893414610348543,-0.8442181834877902,7.451120008450857,7.451623655442379,7.447637678537267,2.813929452844705e-05,2.220446049250313e-16,,,0.01327132143700005,0.144069992845,0.086868089275,0.03,0.030244,0.029642,
n11_04,11,1,CHORD,0.8,0.11776971144869877,NO_SIGNAL,-0.006269371010121816,-0.8442181834877902,7.451120008450857,7.450644231846681,7.439057043034789,2.5813721466853567e-05,2.220446049250313e-16,,,0.012867099674999993,0.143906020425,0.045622696426,0.03,0.030411,0.029103,
n11_05,11,2,BASE,,,NO_SIGNAL,,-1.2855757352779245,7.274262793614626,,,8.00237828064313e-07,0.0,,-1.2855757347551844,0.01973690677600004,0.182626462579,0.156122927085,0.0025,,,
n11_05,11,2,CHORD,0.15,0.0247976608600587,NO_SIGNAL,-0.0003960346709668272,-1.2855757352779245,7.274262793614626,7.272983735736897,7.274749782150421,7.164133562041488e-07,3.3306690738754696e-16,,,0.01938900493199991,0.181982532646,0.139270635112,0.0025,0.002295,0.002667,
n11_05,11,2,CHORD,0.4,0.06612709562682322,NO_SIGNAL,-0.0028498353754402572,-1.2855757352779245,7.274262793614626,7.268652027266025,7.274173889212346,5.488893479916246e-07,0.0,,,0.01880916852600001,0.180909316092,0.111183481824,0.0025,0.001854,0.002876,
n11_05,11,2,CHORD,0.8,0.13225419125364643,NO_SIGNAL,-0.011877995160587851,-1.2855757352779245,7.274262793614626,7.253999473881602,7.270770123026473,2.0748856755823866e-07,2.220446049250313e-16,,,0.017881430275999977,0.179192169604,0.066244036563,0.0025,0.000786,0.003059,
n11_06,11,0,BASE,,,NO_SIGNAL,,-0.3245069643241283,7.586671008486408,,,0.00022516402741966853,0.0,,-0.3245068214141611,0.008593856233000019,0.082222700882,0.081565686147,0.114999,,,
n11_06,11,0,CHORD,0.15,0.01202856873733749,NO_SIGNAL,-2.351819654666798e-05,-0.3245069643241283,7.586671008486408,7.586780842839344,7.586514137740378,0.00022372868337622531,1.1102230246251565e-16,,,0.008592873122999944,0.082185078889,0.073080833225,0.114999,0.114948,0.115046,
n11_06,11,0,CHORD,0.4,0.032076183299566643,NO_SIGNAL,-0.00016907982691716228,-0.3245069643241283,7.586671008486408,7.586883849272827,7.586120008046153,0.00022102668966341812,0.0,,,0.008591234607999931,0.082122375568,0.058939411689,0.114999,0.114853,0.115114,
n11_06,11,0,CHORD,0.8,0.06415236659913329,NO_SIGNAL,-0.0007020303427660579,-0.3245069643241283,7.586671008486408,7.586916637147827,7.585021319139456,0.0002158984321163448,0.0,,,0.008588612981999977,0.082022050254,0.036313137231,0.114999,0.114667,0.115196,
n11_07,11,1,BASE,,,NO_SIGNAL,,-1.1937506518754695,7.379741450420135,,,2.162227855175979e-05,0.0,,-1.193751053563119,0.016949658958999914,0.146417468872,0.146417468872,0.029999,,,
n11_07,11,1,CHORD,0.15,0.026160098909731613,NO_SIGNAL,-0.00040956009006531957,-1.1937506518754695,7.379741450420135,7.3780067154465065,7.380657065213634,2.0243621549943633e-05,1.1102230246251565e-16,,,0.016782783191000017,0.128204848542,0.128204848542,0.029999,0.028337,0.031357,
n11_07,11,1,CHORD,0.4,0.0697602637592843,NO_SIGNAL,-0.002960047533123067,-1.1937506518754695,7.379741450420135,7.3727150226181735,7.38084778315585,1.7531191396703078e-05,2.220446049250313e-16,,,0.016504656911000004,0.097850481324,0.097850481324,0.029999,0.024876,0.032963,
n11_07,11,1,CHORD,0.8,0.1395205275185686,NO_SIGNAL,-0.01252471016941481,-1.1937506518754695,7.379741450420135,7.355317185244717,7.379116295256725,1.2148368174704785e-05,0.0,,,0.015593626987000009,0.049283493776,0.049283493776,0.029999,0.017547,0.033928,
n11_08,11,2,BASE,,,NO_SIGNAL,,-1.0573368164392383,7.347774696970841,,,2.0772389694645374e-06,0.0,,-1.0573369735311644,0.016783305131000015,0.149439671777,0.144553305818,0.0025,,,
n11_08,11,2,CHORD,0.15,0.02623442677133956,NO_SIGNAL,-0.00036478595489874976,-1.0573368164392383,7.347774696970841,7.348346268295828,7.346473553736057,2.041969615317683e-06,2.220446049250313e-16,,,0.016654988378000002,0.149326165174,0.126620309946,0.0025,0.002491,0.002506,
n11_08,11,2,CHORD,0.4,0.06995847139023884,NO_SIGNAL,-0.002634726589843872,-1.0573368164392383,7.347774696970841,7.348077000262355,7.342202940499639,1.956771059223176e-06,1.1102230246251565e-16,,,0.016441127123999977,0.14903403871,0.096731983492,0.0025,0.002472,0.002512,
n11_08,11,2,CHORD,0.8,0.13991694278047767,NO_SIGNAL,-0.011116692133498418,-1.0573368164392383,7.347774696970841,7.345630608256579,7.3276854014181065,1.752752652401533e-06,0.0,,,0.01609894911599996,0.145704261724,0.048910661165,0.0025,0.002427,0.00251,
n11_09,11,0,BASE,,,NO_SIGNAL,,-0.27289733216356477,7.588725983188502,,,0.00019925426658848753,1.1102230246251565e-16,,-0.2728969050735941,0.008819884270000022,0.092965460927,0.074844051885,0.115,,,
n11_09,11,0,CHORD,0.15,0.010574513164674972,NO_SIGNAL,-1.5283126702847483e-05,-0.27289733216356477,7.588725983188502,7.588806428574865,7.588614971548734,0.00019803612215001651,1.1102230246251565e-16,,,0.008819884257000032,0.092964959041,0.067367444103,0.115,0.115745,0.114206,
n11_09,11,0,CHORD,0.4,0.028198701772466597,NO_SIGNAL,-0.00010978366494640568,-0.27289733216356477,7.588725983188502,7.588887956544191,7.588344442502921,0.00019575821103566928,4.440892098500626e-16,,,0.008819884234999964,0.092964122565,0.054906431132,0.115,0.11689,0.112768,
n11_09,11,0,CHORD,0.8,0.056397403544933195,NO_SIGNAL,-0.00045455641185032647,-0.27289733216356477,7.588725983188502,7.588930050666383,7.587612802886921,0.0001914694756439361,1.1102230246251565e-16,,,0.008819884200999994,0.092962784202,0.034968810379,0.115,0.118492,0.110136,
n11_10,11,1,BASE,,,NO_SIGNAL,,-0.8870895799960393,7.44675590741898,,,3.795164331456191e-05,1.1102230246251565e-16,,-0.8870896905932568,0.014027241445999983,0.190497070331,0.12966499295,0.03,,,
n11_10,11,1,CHORD,0.15,0.024759865203036305,NO_SIGNAL,-0.00027252641437414127,-0.8870895799960393,7.44675590741898,7.446175131854181,7.446791630155031,3.6490113097164905e-05,1.1102230246251565e-16,,,0.013855986990000013,0.190484743804,0.113965244008,0.03,0.028812,0.031025,
n11_10,11,1,CHORD,0.4,0.06602630720809681,NO_SIGNAL,-0.001964601143910727,-0.8870895799960393,7.44675590741898,7.4437176682465065,7.445864944303633,3.336671438343468e-05,1.1102230246251565e-16,,,0.013570562896000005,0.190464199593,0.087798995771,0.03,0.026427,0.032414,
n11_10,11,1,CHORD,0.8,0.13205261441619362,NO_SIGNAL,-0.008235390828656541,-0.8870895799960393,7.44675590741898,7.434601298979318,7.442439734201329,2.657670781081379e-05,2.220446049250313e-16,,,0.013113884347000004,0.190431328855,0.045932998592,0.03,0.021349,0.03389,
n11_11,11,2,BASE,,,NO_SIGNAL,,-1.0667763466357474,7.368026795120339,,,1.2699470317576707e-06,1.1102230246251565e-16,,-1.0667763561400534,0.015304782562999997,0.20662595683,0.141664589893,0.0025,,,
n11_11,11,2,CHORD,0.15,0.025324983910367527,NO_SIGNAL,-0.0003429650181265842,-1.0667763466357474,7.368026795120339,7.366755329352643,7.368612330851782,1.2378413984802796e-06,3.3306690738754696e-16,,,0.015303791321000015,0.206483536224,0.124164901409,0.0025,0.002455,0.00253,
n11_11,11,2,CHORD,0.4,0.06753329042764675,NO_SIGNAL,-0.0024770066242645328,-1.0667763466357474,7.368026795120339,7.362656835902836,7.3684427410893125,1.1556361354110838e-06,2.220446049250313e-16,,,0.015302139249999958,0.206228453804,0.094998753937,0.0025,0.002345,0.002548,
n11_11,11,2,CHORD,0.8,0.1350665808552935,NO_SIGNAL,-0.01044994830134538,-1.0667763466357474,7.368026795120339,7.348856567077421,7.366297126560566,9.503026074312623e-07,1.1102230246251565e-16,,,0.01508645379000001,0.205820321932,0.04833291798,0.0025,0.00206,0.00249,
n12_00,12,0,BASE,,,NO_SIGNAL,,-0.3445105729409253,8.271571427599342,,,0.00010446836213990658,3.3306690738754696e-16,,-0.34451055341833126,0.00876932669500008,0.083577641338,0.083577641338,0.114999,,,
n12_00,12,0,CHORD,0.15,0.012426514220365255,NO_SIGNAL,-2.6648710045762414e-05,-0.3445105729409253,8.271571427599342,8.271385342913279,8.271704214865313,0.00010361779311156806,3.3306690738754696e-16,,,0.008769322798000023,0.074790995138,0.074790995138,0.114999,0.114323,0.115606,
n12_00,12,0,CHORD,0.4,0.033137371254307345,NO_SIGNAL,-0.00019164717484265736,-0.3445105729409253,8.271571427599342,8.270924209911438,8.27183535093756,0.00010240572160661372,3.3306690738754696e-16,,,0.008769316304999997,0.060146584804,0.060146584804,0.114999,0.113023,0.116479,
n12_00,12,0,CHORD,0.8,0.06627474250861469,NO_SIGNAL,-0.0007965811091690256,-0.3445105729409253,8.271571427599342,8.26965127790901,8.271898415071337,0.00010100081792357871,3.3306690738754696e-16,,,0.008769305913999936,0.036715528269,0.036715528269,0.114999,0.110419,0.117567,
n12_01,12,1,BASE,,,NO_SIGNAL,,-0.7298817275776028,8.148800681786259,,,1.9678005952773583e-05,2.220446049250313e-16,,-0.7298815773992828,0.013223347592000056,0.144839710701,0.12147940362,0.03,,,
n12_01,12,1,CHORD,0.15,0.02133988251911754,NO_SIGNAL,-0.00016657211118698,-0.7298817275776028,8.148800681786259,8.148107428605172,8.149160790744972,1.9390819533983054e-05,2.220446049250313e-16,,,0.013223347183999978,0.144789260286,0.107559237165,0.03,0.029987,0.030009,
n12_01,12,1,CHORD,0.4,0.05690635338431345,NO_SIGNAL,-0.0012011219895136094,-0.7298817275776028,8.148800681786259,8.145997751139348,8.149201368454142,1.880086512226133e-05,2.220446049250313e-16,,,0.013223346503999922,0.144705176262,0.083277108587,0.03,0.029959,0.030019,
n12_01,12,1,CHORD,0.8,0.1138127067686269,NO_SIGNAL,-0.005038148279069787,-0.7298817275776028,8.148800681786259,8.139175956942314,8.148349110072065,1.756559373394006e-05,2.220446049250313e-16,,,0.01322334541499992,0.144570641823,0.044425702864,0.03,0.029886,0.030025,
n12_02,12,2,BASE,,,NO_SIGNAL,,-0.9675719806211835,8.064723840036606,,,1.220034269687524e-06,0.0,,-0.9675723333657515,0.014725477414999966,0.146123502005,0.136593683959,0.002499,,,
n12_02,12,2,CHORD,0.15,0.03356713046798498,NO_SIGNAL,-0.0005466878094928518,-0.9675719806211835,8.064723840036606,8.063872203970275,8.064482100483954,1.1952066136621315e-06,2.220446049250313e-16,,,0.014479061443999908,0.146091472946,0.119854631365,0.002499,0.002534,0.002459,
n12_02,12,2,CHORD,0.4,0.08951234791462662,NO_SIGNAL,-0.003956477233309386,-0.9675719806211835,8.064723840036606,8.059953404011722,8.06158132159487,1.1312550696827099e-06,2.220446049250313e-16,,,0.014068368160000011,0.146038091181,0.091956210376,0.002499,0.00258,0.002377,
n12_02,12,2,CHORD,0.8,0.17902469582925323,NO_SIGNAL,-0.01680114090305551,-0.9675719806211835,8.064723840036606,8.046291842049008,8.049553556218095,6.145926729060935e-07,2.220446049250313e-16,,,0.01310552216500005,0.145952680357,0.047318736793,0.002499,0.002632,0.001655,
n12_03,12,0,BASE,,,NO_SIGNAL,,-0.3597819561985527,8.27384482812512,,,9.226714334440268e-05,0.0,,-0.3597822484380231,0.008610456683999956,0.093977428855,0.08597065161,0.114999,,,
n12_03,12,0,CHORD,0.15,0.013050051451733472,NO_SIGNAL,-3.069319034487705e-05,-0.3597819561985527,8.27384482812512,8.273659078172088,8.273969191697459,9.159704492128547e-05,3.3306690738754696e-16,,,0.008610401434000048,0.093903626232,0.076825053869,0.114999,0.114415,0.11552,
n12_03,12,0,CHORD,0.4,0.0348001372046226,NO_SIGNAL,-0.0002207434251335627,-0.3597819561985527,8.27384482812512,8.273176026812068,8.274072142587904,9.031056623031464e-05,0.0,,,0.008610309348,0.093780621859,0.061582390967,0.114999,0.11328,0.11626,
n12_03,12,0,CHORD,0.8,0.0696002744092452,NO_SIGNAL,-0.0009176605710035091,-0.3597819561985527,8.27384482812512,8.271789509583932,8.2740648255243,8.781096497952698e-05,2.220446049250313e-16,,,0.008610162014,0.093583814863,0.037194130324,0.114999,0.110966,0.117166,
n12_04,12,1,BASE,,,NO_SIGNAL,,-0.7900028950067695,8.152683538816252,,,1.8908014506770774e-05,2.220446049250313e-16,,-0.7900027299001522,0.013642736945999934,0.166843667019,0.123757420505,0.03,,,
n12_04,12,1,CHORD,0.15,0.021320531691409666,NO_SIGNAL,-0.0001799818863439384,-0.7900028950067695,8.152683538816252,8.153051265621375,8.151955848238442,1.8421142264633422e-05,2.220446049250313e-16,,,0.01364247925600004,0.166807802599,0.10894380743,0.03,0.030398,0.029543,
n12_04,12,1,CHORD,0.4,0.05685475117709245,NO_SIGNAL,-0.0012985166829526662,-0.7900028950067695,8.152683538816252,8.153066228737318,8.14970381552928,1.7465110432282076e-05,2.220446049250313e-16,,,0.013642049772999987,0.166748028566,0.084254452304,0.03,0.030953,0.028633,
n12_04,12,1,CHORD,0.8,0.1137095023541849,NO_SIGNAL,-0.005456919474568167,-0.7900028950067695,8.152683538816252,8.152136757652233,8.142316481031134,1.555463604980976e-05,2.220446049250313e-16,,,0.013516565450999996,0.166652390114,0.044751484103,0.03,0.031602,0.026682,
n12_05,12,2,BASE,,,NO_SIGNAL,,-1.1107445295425136,8.051765302487453,,,9.800114112646636e-07,2.220446049250313e-16,,-1.1107445629932045,0.014752033762000072,0.142405318129,0.142405318129,0.002499,,,
n12_05,12,2,CHORD,0.15,0.026008271670708707,NO_SIGNAL,-0.0003766287064301821,-1.1107445295425136,8.051765302487453,8.052515628615962,8.050261718946086,9.646600668848551e-07,2.220446049250313e-16,,,0.014742506407000033,0.12479452041,0.12479452041,0.002499,0.00236,0.002624,
n12_05,12,2,CHORD,0.4,0.06935539112188989,NO_SIGNAL,-0.0027201559731580005,-1.1107445295425136,8.051765302487453,8.052504890490322,8.045585402538268,9.020038957540113e-07,2.220446049250313e-16,,,0.014726627483000021,0.095443190878,0.095443190878,0.002499,0.002091,0.002797,
n12_05,12,2,CHORD,0.8,0.13871078224377978,NO_SIGNAL,-0.011481411347041615,-1.1107445295425136,8.051765302487453,8.050418628096063,8.030149154184762,7.041544494949827e-07,2.220446049250313e-16,,,0.014701221202000014,0.048481063627,0.048481063627,0.002499,0.001552,0.002972,
n12_06,12,0,BASE,,,NO_SIGNAL,,-0.260472213084912,8.280711417794949,,,0.00010364853046708583,0.0,,-0.2604725324317769,0.007220362707999972,0.083679593698,0.073034927042,0.115,,,
n12_06,12,0,CHORD,0.15,0.010196529886937533,NO_SIGNAL,-1.3562478985207349e-05,-0.260472213084912,8.280711417794949,8.280782016982766,8.28061369364916,0.00010312378299180064,1.1102230246251565e-16,,,0.007220362452000084,0.083679259533,0.065829687986,0.115,0.114984,0.115013,
n12_06,12,0,CHORD,0.4,0.02719074636516676,NO_SIGNAL,-9.739754513660159e-05,-0.260472213084912,8.280711417794949,8.28085289770875,8.280375142790875,0.00010215038406946761,0.0,,,0.00722036202599996,0.083678702591,0.053820956226,0.115,0.114957,0.115034,
n12_06,12,0,CHORD,0.8,0.05438149273033352,NO_SIGNAL,-0.0004029086930028569,-0.260472213084912,8.280711417794949,8.280887151173207,8.279729867030685,0.00010033604169907752,2.220446049250313e-16,,,0.007220361344999926,0.083677811484,0.03460698541,0.115,0.114904,0.115061,
n12_07,12,1,BASE,,,NO_SIGNAL,,-1.0110363073369848,8.095274725917672,,,1.2564368873152338e-05,0.0,,-1.0110362325121969,0.015202440925999983,0.145524532266,0.138432136766,0.03,,,
n12_07,12,1,CHORD,0.15,0.02478287183686006,NO_SIGNAL,-0.0003112752135407959,-1.0110363073369848,8.095274725917672,8.095699435777602,8.094227465630663,1.2055649787564334e-05,1.1102230246251565e-16,,,0.01520221693099999,0.145039820931,0.121417316251,0.03,0.030867,0.028955,
n12_07,12,1,CHORD,0.4,0.06608765823162682,NO_SIGNAL,-0.002248015875338183,-1.0110363073369848,8.095274725917672,8.095362740725568,8.090690679359103,1.1011668710249426e-05,0.0,,,0.015201843604999987,0.144231968706,0.09305928206,0.03,0.031963,0.026774,
n12_07,12,1,CHORD,0.8,0.13217531646325364,NO_SIGNAL,-0.009482031031573968,-1.0110363073369848,8.095274725917672,8.093094266822902,8.078491122949295,8.815376830051832e-06,2.220446049250313e-16,,,0.015201246282999958,0.142939405145,0.047686427355,0.03,0.032953,0.021947,
n12_08,12,2,BASE,,,NO_SIGNAL,,-1.225203293419733,8.047166371725323,,,9.388046260706352e-07,1.1102230246251565e-16,,-1.2252034053972238,0.014342827783,0.206583856683,0.146716716987,0.002499,,,
n12_08,12,2,CHORD,0.15,0.026281661827871467,NO_SIGNAL,-0.0004242528009239521,-1.225203293419733,8.047166371725323,8.04605789934483,8.04742633850397,9.174981467215469e-07,2.220446049250313e-16,,,0.014299058939999942,0.205972133146,0.128459209439,0.002499,0.002595,0.002371,
n12_08,12,2,CHORD,0.4,0.07008443154099057,NO_SIGNAL,-0.0030656304445226823,-1.225203293419733,8.047166371725323,8.041746664094022,8.04645481846758,8.357873353249865e-07,2.220446049250313e-16,,,0.013919641449000042,0.204952593917,0.098030030193,0.002499,0.002672,0.002087,
n12_08,12,2,CHORD,0.8,0.14016886308198115,NO_SIGNAL,-0.012963141485149876,-1.225203293419733,8.047166371725323,8.025750325397636,8.042656135082712,5.868076869912991e-07,2.220446049250313e-16,,,0.012579187254999957,0.203321331152,0.049343343399,0.002499,0.002509,0.001435,
n12_09,12,0,BASE,,,NO_SIGNAL,,-0.30426545053314086,8.277514963642377,,,8.227299060014286e-05,2.220446049250313e-16,,-0.30426612340761494,0.008570066616000016,0.079513451231,0.078949881899,0.114999,,,
n12_09,12,0,CHORD,0.15,0.011446152087074167,NO_SIGNAL,-1.996653099922696e-05,-0.30426545053314086,8.277514963642377,8.277615802183119,8.277374192039636,8.169177584265077e-05,2.220446049250313e-16,,,0.008570066607999971,0.079513441446,0.070857399614,0.114999,0.115989,0.113941,
n12_09,12,0,CHORD,0.4,0.03052307223219778,NO_SIGNAL,-0.0001435035399683926,-0.30426545053314086,8.277514963642377,8.277715709536553,8.277027210668262,8.060109733563507e-05,2.220446049250313e-16,,,0.008570066593999948,0.079513425137,0.05736992914,0.114999,0.117492,0.112017,
n12_09,12,0,CHORD,0.8,0.06104614446439556,NO_SIGNAL,-0.0005952482899296285,-0.30426545053314086,8.277514963642377,8.277762599234432,8.276076831470462,7.853869088617916e-05,2.220446049250313e-16,,,0.008570066571000012,0.079513399043,0.035789976381,0.114999,0.119541,0.108501,
n12_10,12,1,BASE,,,NO_SIGNAL,,-1.079379655635413,8.079463902317643,,,9.6102756356402e-06,2.220446049250313e-16,,-1.0793797855512821,0.014932394560999984,0.169602087512,0.141063019782,0.029999,,,
n12_10,12,1,CHORD,0.15,0.03180821764873983,NO_SIGNAL,-0.0005474650980747953,-1.079379655635413,8.079463902317643,8.07900105875482,8.078831815684318,9.534091886393065e-06,2.220446049250313e-16,,,0.014605925915999962,0.168881619642,0.123653566815,0.029999,0.031235,0.028429,
n12_10,12,1,CHORD,0.4,0.08482191372997289,NO_SIGNAL,-0.003955411580550461,-1.079379655635413,8.079463902317643,8.075931321814789,8.075085659659397,8.818771951858255e-06,2.220446049250313e-16,,,0.014061811506,0.167680839859,0.09463781187,0.029999,0.032543,0.025076,
n12_10,12,1,CHORD,0.8,0.16964382745994577,NO_SIGNAL,-0.016709931715647386,-1.079379655635413,8.079463902317643,8.06499839464932,8.060509546554673,6.413950184804185e-06,2.220446049250313e-16,,,0.013191228451000014,0.165759592206,0.048212603958,0.029999,0.030681,0.017837,
n12_11,12,2,BASE,,,NO_SIGNAL,,-1.4675159831839828,7.912032463496,,,3.4396608640926273e-07,2.220446049250313e-16,,-1.467516241859812,0.016129673625000007,0.156341308398,0.156341308398,0.002499,,,
n12_11,12,2,CHORD,0.15,0.011175602125351663,NO_SIGNAL,-9.16724319166562e-05,-1.4675159831839828,7.912032463496,7.912350520803557,7.911531061324609,3.010153723781129e-07,2.220446049250313e-16,,,0.016039482387000037,0.149412595294,0.149412595294,0.002499,0.002767,0.002207,
n12_11,12,2,CHORD,0.4,0.02980160566760444,NO_SIGNAL,-0.0006532170467030696,-1.4675159831839828,7.912032463496,7.912501664489046,7.910256828409548,2.2274968383301796e-07,2.220446049250313e-16,,,0.015889163655000038,0.137864740122,0.137864740122,0.002499,0.003157,0.001659,
n12_11,12,2,CHORD,0.8,0.05960321133520888,NO_SIGNAL,-0.0026315407559165394,-1.4675159831839828,7.912032463496,7.911854840044552,7.906947005435615,8.033500083400889e-08,2.220446049250313e-16,,,0.015648653685000014,0.119388171846,0.119388171846,0.002499,0.003649,0.000615,
