event,S,T,mu,a,b,p_t0,p_t2,p_t4,p_t6
0,0,0,1007118977006003/50000000000000000,6223365089393245108359/5035594885030015000000,479107182265213678115726511/1258898721257503750000000000,1007118977006003/50000000000000000,-6223365089393245108359/250000000000000000000000,479107182265213678115726511/62500000000000000000000000000,0
1,1,0,827194990082997/50000000000000000,3901139448212077256641/4135974950414985000000,68352943961792330726534163/344664579201248750000000000,827194990082997/50000000000000000,-3901139448212077256641/250000000000000000000000,205058831885376992179602489/62500000000000000000000000000,0
2,2,0,876895346672997/50000000000000000,-117208001443530411453/1461492244454995000000,-159701983851978391010841837/365373061113748750000000000,876895346672997/50000000000000000,351624004330591234359/250000000000000000000000,-479105951555935173032525511/62500000000000000000000000000,0
3,3,0,697840416238003/50000000000000000,-1390386356759772130641/3489202081190015000000,-205060062594655497262803489/872300520297503750000000000,697840416238003/50000000000000000,1390386356759772130641/250000000000000000000000,-205060062594655497262803489/62500000000000000000000000000,0
4,4,0,791358102394997/50000000000000000,-82095102929800188359/3956790511974985000000,-379739077614501240621962511/989197627993746250000000000,791358102394997/50000000000000000,82095102929800188359/250000000000000000000000,-379739077614501240621962511/62500000000000000000000000000,0
5,5,0,597973201516003/50000000000000000,-248139727209318176641/2989866007580015000000,-304426936536089429673366489/747466501895003750000000000,597973201516003/50000000000000000,248139727209318176641/250000000000000000000000,-304426936536089429673366489/62500000000000000000000000000,0
6,6,0,685830991926003/50000000000000000,-1523877447176383228547/1143051653210005000000,126579282301740911846253837/285762913302501250000000000,685830991926003/50000000000000000,4571632341529149685641/250000000000000000000000,379737846905222735538761511/62500000000000000000000000000,0
7,7,0,496576974162997/50000000000000000,-3480627004846690949359/2482884870814985000000,3345364475223823458863379/6821112282458750000000000,496576974162997/50000000000000000,3480627004846690949359/250000000000000000000000,304428167245367934756567489/62500000000000000000000000000,0
8,0,1,887084211335247/50000000000000000,273932113701033561849/492824561852915000000,-455719311825142338538737/7247420027248750000000000,887084211335247/50000000000000000,-2465389023309302056641/250000000000000000000000,-69725054709246777796426761/62500000000000000000000000000,0
9,1,1,728604695325753/50000000000000000,1495893394246590578359/3643023476628765000000,-1105276400607587654024157/33731698857673750000000000,728604695325753/50000000000000000,-1495893394246590578359/250000000000000000000000,-29842462816404866658652239/62500000000000000000000000000,0
10,2,1,772381451235753/50000000000000000,120677770622365452151/429100806242085000000,2582402800096998817239843/35758400520173750000000000,772381451235753/50000000000000000,-1086099935601289069359/250000000000000000000000,69724875602618968065475761/62500000000000000000000000000,0
11,3,1,614667412103247/50000000000000000,6049703175953098547/1024445686838745000000,3315849102559186265511471/85370473903228750000000000,614667412103247/50000000000000000,-18149109527859295641/250000000000000000000000,29842641923032676389603239/62500000000000000000000000000,0
12,4,1,697039073013753/50000000000000000,-1212503955743186976641/3485195365068765000000,6140432533680084207962529/96810982363021250000000000,697039073013753/50000000000000000,1212503955743186976641/250000000000000000000000,55263892803120757871662761/62500000000000000000000000000,0
13,5,1,526702999325247/50000000000000000,-946653555118909658359/2633514996626235000000,4922624969170098509268471/73153194350728750000000000,526702999325247/50000000000000000,946653555118909658359/250000000000000000000000,44303624722530886583416239/62500000000000000000000000000,0
14,6,1,604089346415247/50000000000000000,-76130342044814673779/143830796765535000000,-120400247704777664794579/1645123492416250000000000,604089346415247/50000000000000000,1598737182941108149359/250000000000000000000000,-55263713696492948140711761/62500000000000000000000000000,0
15,7,1,437391811245753/50000000000000000,-14369634822877321051/24032517101415000000,-54094998570401338601181/667569919483750000000000,437391811245753/50000000000000000,1307636768881836215641/250000000000000000000000,-44303803829158696314367239/62500000000000000000000000000,0
16,0,2,784566962657647/50000000000000000,214920460569665698641/3922834813288235000000,-326740002220710298800436761/980708703322058750000000000,784566962657647/50000000000000000,-214920460569665698641/250000000000000000000000,-326740002220710298800436761/62500000000000000000000000000,0
17,1,2,644402375203353/50000000000000000,301403621029029645453/1074003958672255000000,-46615124733206658681547413/268500989668063750000000000,644402375203353/50000000000000000,-904210863087088936359/250000000000000000000000,-139845374199619976044642239/62500000000000000000000000000,0
18,2,2,683120003113353/50000000000000000,-1394374571092392857547/1138533338522255000000,108913054301828495719828587/284633334630563750000000000,683120003113353/50000000000000000,4183123713277178572641/250000000000000000000000,326739162905485487159485761/62500000000000000000000000000,0
19,3,2,543632429025647/50000000000000000,-2600072195704535062359/2718162145128235000000,139846213514844787685593239/679540536282058750000000000,543632429025647/50000000000000000,2600072195704535062359/250000000000000000000000,139846213514844787685593239/62500000000000000000000000000,0
20,4,2,616484682491353/50000000000000000,3551898357038617381359/3082423412456765000000,258973256206310357635672761/770605853114191250000000000,616484682491353/50000000000000000,-3551898357038617381359/250000000000000000000000,258973256206310357635672761/62500000000000000000000000000,0
21,5,2,465833758647647/50000000000000000,2746114779326423983641/2329168793238235000000,207612120214019917209406239/582292198309558750000000000,465833758647647/50000000000000000,-2746114779326423983641/250000000000000000000000,207612120214019917209406239/62500000000000000000000000000,0
22,6,2,534276833737647/50000000000000000,-135855730680269502453/890461389562745000000,-86324138963695181998240587/222615347390686250000000000,534276833737647/50000000000000000,407567192040808507359/250000000000000000000000,-258972416891085545994721761/62500000000000000000000000000,0
23,7,2,386843955123353/50000000000000000,-226381358999273857641/1934219775616765000000,-175497007209843388715433/408753122488750000000000,386843955123353/50000000000000000,226381358999273857641/250000000000000000000000,-207612959529244728850357239/62500000000000000000000000000,0
24,0,3,689076389001103/50000000000000000,-2029846388684051863641/3445381945005515000000,-82642125335256601518862989/861345486251378750000000000,689076389001103/50000000000000000,2029846388684051863641/250000000000000000000000,-82642125335256601518862989/62500000000000000000000000000,0
25,1,3,565971399387897/50000000000000000,-689485963338917771359/2829856996939485000000,-11790331623117383158769337/235821416411623750000000000,565971399387897/50000000000000000,689485963338917771359/250000000000000000000000,-35370994869352149476308011/62500000000000000000000000000,0
26,2,3,599976658977897/50000000000000000,-803093595730560087453/999961098296495000000,27547304349276905935854663/249990274574123750000000000,599976658977897/50000000000000000,2409280787191680262359/250000000000000000000000,82641913047830717807563989/62500000000000000000000000000,0
27,3,3,477466282633103/50000000000000000,-1210967889660391102641/2387331413165515000000,35371207156778033187607011/596832853291378750000000000,477466282633103/50000000000000000,1210967889660391102641/250000000000000000000000,35371207156778033187607011/62500000000000000000000000000,0
28,4,3,541451602099897/50000000000000000,2087713613810208783641/2707258010499485000000,65501928605070125114626989/676814502624871250000000000,541451602099897/50000000000000000,-2087713613810208783641/250000000000000000000000,65501928605070125114626989/62500000000000000000000000000,0
29,5,3,409136580511103/50000000000000000,1721916608030964851359/2045682902555515000000,52511191599538625880544011/511420725638878750000000000,409136580511103/50000000000000000,-1721916608030964851359/250000000000000000000000,52511191599538625880544011/62500000000000000000000000000,0
30,6,3,469249367921103/50000000000000000,477450154981742447453/782082279868505000000,-21833905439214747134442663/195520569967126250000000000,469249367921103/50000000000000000,-1432350464945227342359/250000000000000000000000,-65501716317644241403327989/62500000000000000000000000000,0
31,7,3,339760719467897/50000000000000000,1097600342088640022641/1698803597339485000000,-577048394362247358152121/4667042849833750000000000,339760719467897/50000000000000000,-1097600342088640022641/250000000000000000000000,-52511403886964509591843011/62500000000000000000000000000,0
32,0,4,1571472726344997/50000000000000000,1886171838515507816547/2619121210574995000000,371099502613630010854827/5502355484401250000000000,1571472726344997/50000000000000000,-5658515515546523449641/250000000000000000000000,132482522433065913875173239/62500000000000000000000000000,0
33,1,4,1290725719566003/50000000000000000,921352477423274728453/2151209532610005000000,900044197980880540789647/25609637292976250000000000,1290725719566003/50000000000000000,-2764057432269824185359/250000000000000000000000,56702784472795474069747761/62500000000000000000000000000,0
34,2,4,1368276392976003/50000000000000000,345803748323270075151/760153551653335000000,-2102891779648233142954353/27148341130476250000000000,1368276392976003/50000000000000000,-3112233734909430676359/250000000000000000000000,-132482182117838688006124239/62500000000000000000000000000,0
35,3,4,1088885431112997/50000000000000000,329727790605754229547/1814809051854995000000,-2700148799429652378037941/64814608994821250000000000,1088885431112997/50000000000000000,-989183371817262688641/250000000000000000000000,-56703124788022699938796761/62500000000000000000000000000,0
36,4,4,1234807111254003/50000000000000000,-961461537718534456547/2058011852090005000000,-5000252128783086447616059/73500423288928750000000000,1234807111254003/50000000000000000,2884384613155603369641/250000000000000000000000,-105005294704444815399937239/62500000000000000000000000000,0
37,5,4,933056171834997/50000000000000000,-819686369201316088453/1555093619724995000000,-4008572009591265359284941/55539057847321250000000000,933056171834997/50000000000000000,2459059107603948265359/250000000000000000000000,-84180012201416572544983761/62500000000000000000000000000,0
38,6,4,1070146351424997/50000000000000000,-452135725960117195151/594525750791665000000,98043841633256386116609/1249003678133750000000000,1070146351424997/50000000000000000,4069221533641054756359/250000000000000000000000,105004954389217589530888239/62500000000000000000000000000,0
39,7,4,774841095486003/50000000000000000,-1037108266714144869547/1291401825810005000000,44050419945915122142351/506829601966250000000000,774841095486003/50000000000000000,3111324800142434608641/250000000000000000000000,84180352516643798414032761/62500000000000000000000000000,0
40,0,5,1333505404813753/50000000000000000,-1133981383839442114641/6667527024068765000000,-541864649989032814194472989/1666881756017191250000000000,1333505404813753/50000000000000000,1133981383839442114641/250000000000000000000000,-541864649989032814194472989/62500000000000000000000000000,0
41,1,5,1095271775525247/50000000000000000,-1715027567135620520359/5476358877626235000000,-77306384513922533196899337/456363239802186250000000000,1095271775525247/50000000000000000,1715027567135620520359/250000000000000000000000,-231919153541767599590698011/62500000000000000000000000000,0
42,2,5,1161078989615247/50000000000000000,2130908949517914329547/1935131649358745000000,180621086023718297657724663/483782912339686250000000000,1161078989615247/50000000000000000,-6392726848553742988641/250000000000000000000000,541863258071154892973173989/62500000000000000000000000000,0
43,3,5,923996060045753/50000000000000000,3958262089678278646359/4619980300228765000000,231920545459645520811997011/1154995075057191250000000000,923996060045753/50000000000000000,-3958262089678278646359/250000000000000000000000,231920545459645520811997011/62500000000000000000000000000,0
44,4,5,1047820893837247/50000000000000000,-5504181663067287965359/5239104469186235000000,7279330161285174544919271/22199595208416250000000000,1047820893837247/50000000000000000,5504181663067287965359/250000000000000000000000,429480479515825298150236989/62500000000000000000000000000,0
45,5,5,791763946823753/50000000000000000,-4170625844924445399641/3958819734118765000000,344303324014975115634934011/989704933529691250000000000,791763946823753/50000000000000000,4170625844924445399641/250000000000000000000000,344303324014975115634934011/62500000000000000000000000000,0
46,6,5,908094629733753/50000000000000000,63831731719699575779/216213007079465000000,-143159695865982458976312663/378372762389063750000000000,908094629733753/50000000000000000,-1340466366113691091359/250000000000000000000000,-429479087597947376928937989/62500000000000000000000000000,0
47,7,5,657507299605247/50000000000000000,9146825874956959051/36126774703585000000,-3783568306954428976442121/9031693675896250000000000,657507299605247/50000000000000000,-832361154621083273641/250000000000000000000000,-344304715932853036856233011/62500000000000000000000000000,0
48,0,6,1166594930291353/50000000000000000,-3887278983829615756641/5832974651456765000000,-284849702477569293190462989/1458243662864191250000000000,1166594930291353/50000000000000000,3887278983829615756641/250000000000000000000000,-284849702477569293190462989/62500000000000000000000000000,0
49,1,6,958180218847647/50000000000000000,-1939847507308308878359/4790901094238235000000,-1401336116764971151778253/13766957167351250000000000,958180218847647/50000000000000000,1939847507308308878359/250000000000000000000000,-121916242158552490204708011/62500000000000000000000000000,0
50,2,6,1015750560937647/50000000000000000,-1273300401136326456453/1692917601562745000000,94949656922762791293054663/423229400390686250000000000,1015750560937647/50000000000000000,3819901203408979369359/250000000000000000000000,284848970768288373879163989/62500000000000000000000000000,0
51,3,6,808342519923353/50000000000000000,-1348784395186136995641/4041712599616765000000,121916973867833409516007011/1010428149904191250000000000,808342519923353/50000000000000000,1348784395186136995641/250000000000000000000000,121916973867833409516007011/62500000000000000000000000000,0
52,4,6,916668607559647/50000000000000000,3684793971470717676641/4583343037798235000000,3826629086654842345529271/19420945075416250000000000,916668607559647/50000000000000000,-3684793971470717676641/250000000000000000000000,225771116112635698386226989/62500000000000000000000000000,0
53,5,6,692661464301353/50000000000000000,2877804137372410958359/3463307321506765000000,180994828523486085008944011/865826830376691250000000000,692661464301353/50000000000000000,-2877804137372410958359/250000000000000000000000,180994828523486085008944011/62500000000000000000000000000,0
54,6,6,794431419211353/50000000000000000,115155038069741973779/189150337907465000000,-75256794801118259691642663/331013091338063750000000000,794431419211353/50000000000000000,-2418255799464581449359/250000000000000000000000,-225770384403354779074927989/62500000000000000000000000000,0
55,7,6,575209278927647/50000000000000000,287851168775047273663/410863770662605000000,-1988962200360076970552121/7901226358896250000000000,575209278927647/50000000000000000,-2014958181425330915641/250000000000000000000000,-180995560232767004320243011/62500000000000000000000000000,0
56,0,7,980196748549897/50000000000000000,-7511083332465626578359/4900983742749485000000,694231830033536193509762739/1225245935687371250000000000,980196748549897/50000000000000000,7511083332465626578359/250000000000000000000000,694231830033536193509762739/62500000000000000000000000000,0
57,1,7,805082476061103/50000000000000000,-4720940100032733786641/4025412380305515000000,99044203742508205241886087/335451031692126250000000000,805082476061103/50000000000000000,4720940100032733786641/250000000000000000000000,297132611227524615725658261/62500000000000000000000000000,0
58,2,7,853454246471103/50000000000000000,57623063047988901453/1422423744118505000000,-231410015573868192948737913/355605936029626250000000000,853454246471103/50000000000000000,-172869189143966704359/250000000000000000000000,-694230046721604578846213739/62500000000000000000000000000,0
59,3,7,679185798917897/50000000000000000,1584616266287434660641/3395928994589485000000,-297134394539456230389207261/848982248647371250000000000,679185798917897/50000000000000000,-1584616266287434660641/250000000000000000000000,-297134394539456230389207261/62500000000000000000000000000,0
60,4,7,770203577349103/50000000000000000,358759392576334658359/3851017886745515000000,-550246300924016181136526739/962754471686378750000000000,770203577349103/50000000000000000,-358759392576334658359/250000000000000000000000,-550246300924016181136526739/62500000000000000000000000000,0
61,5,7,581988227039897/50000000000000000,478642710126821706641/2909941135199485000000,-441118140337044628098894261/727485283799871250000000000,581988227039897/50000000000000000,-478642710126821706641/250000000000000000000000,-441118140337044628098894261/62500000000000000000000000000,0
62,6,7,667497409629897/50000000000000000,1818695206542873738547/1112495682716495000000,183414839204028188824325913/278123920679123750000000000,667497409629897/50000000000000000,-5456085619628621215641/250000000000000000000000,550244517612084566472977739/62500000000000000000000000000,0
63,7,7,483302515981103/50000000000000000,4181050254735181419359/2416512579905515000000,4847471688450288382004871/6638770823916250000000000,483302515981103/50000000000000000,-4181050254735181419359/250000000000000000000000,441119923648976242762443261/62500000000000000000000000000,0
