family,epsilon,n,Hn_second,increment_second,Hn_second_over_n,conditional_fisher,prediction_vertical,spectral_increment,coherence_increment
near_symmetric_m2_least,0.2,2,-4.105292536741581e-09,-4.105292536741581e-09,-2.0526462683707905e-09,-1.3957857059017898e-34,-4.105292536741581e-09,-1.4162410637213743e-07,1.3751881383539584e-07
near_symmetric_m2_least,0.2,3,-8.125404559360013e-08,-7.714875305685854e-08,-2.7084681864533377e-08,-6.214568631026527e-34,-7.714875305685854e-08,-2.916137360895602e-06,2.8389886078387436e-06
near_symmetric_m2_least,0.2,4,-6.257079783707431e-07,-5.444539327771429e-07,-1.5642699459268577e-07,-5.734653615584969e-34,-5.444539327771429e-07,-9.018480989761613e-06,8.47402705698447e-06
near_symmetric_m2_least,0.2,5,-1.2306573433851252e-06,-6.049493650143821e-07,-2.4613146867702504e-07,-8.23708614818716e-34,-6.049493650143821e-07,-1.1180562267767195e-05,1.0575612902752813e-05
near_symmetric_m2_least,0.2,6,-1.851896117025283e-06,-6.212387736401579e-07,-3.0864935283754716e-07,-8.710892315993539e-34,-6.212387736401579e-07,-1.1523874798584427e-05,1.0902636024944268e-05
near_symmetric_m2_least,0.2,7,-2.513818705344944e-06,-6.61922588319661e-07,-3.5911695790642057e-07,-8.596315977851167e-34,-6.61922588319661e-07,-1.305378296699675e-05,1.239186037867709e-05
near_symmetric_m2_least,0.2,8,-3.1861617772969323e-06,-6.723430719519883e-07,-3.9827022216211654e-07,-8.731009521984864e-34,-6.723430719519883e-07,-1.413776756440144e-05,1.3465424492449452e-05
near_symmetric_m2_least,0.2,9,-3.866560526957969e-06,-6.803987496610372e-07,-4.296178363286633e-07,-8.881936186288824e-34,-6.803987496610372e-07,-1.6427753702240942e-05,1.5747354952579905e-05
near_symmetric_m2_least,0.2,10,-4.589841349226652e-06,-7.232808222686828e-07,-4.589841349226652e-07,-8.920785034689214e-34,-7.232808222686828e-07,-2.027582983724988e-05,1.9552549014981194e-05
near_symmetric_m2_least,0.2,11,-5.3178133062256995e-06,-7.27971956999047e-07,-4.834375732932454e-07,-8.9474320845589e-34,-7.27971956999047e-07,-2.123016887768706e-05,2.0502196920688012e-05
near_symmetric_m2_least,0.2,12,-6.055100909166455e-06,-7.372876029407555e-07,-5.04591742430538e-07,-9.582166912972736e-34,-7.372876029407555e-07,-2.2729727239669423e-05,2.199243963672867e-05
near_symmetric_m2_least,0.2,13,-6.819798490450267e-06,-7.646975812838119e-07,-5.245998838807898e-07,-9.619475396674763e-34,-7.646975812838119e-07,-2.622675451862186e-05,2.5462056937338048e-05
near_symmetric_m2_least,0.2,14,-7.589596277717779e-06,-7.697977872675122e-07,-5.421140198369843e-07,-9.644017766526835e-34,-7.697977872675122e-07,-2.7798016860896326e-05,2.7028219073628815e-05
near_symmetric_m2_least,0.2,15,-8.360937366644734e-06,-7.713410889269558e-07,-5.573958244429823e-07,-9.694000592292915e-34,-7.713410889269558e-07,-2.9345342583919848e-05,2.8574001494992892e-05
near_symmetric_m2_least,0.2,16,-9.138727823415922e-06,-7.77790456771188e-07,-5.711704889634951e-07,-9.699887522806594e-34,-7.77790456771188e-07,-3.170241371275556e-05,3.092462325598437e-05
near_symmetric_m2_least,0.2,17,-9.916981483766967e-06,-7.782536603510449e-07,-5.833518519862922e-07,-9.793870366937206e-34,-7.782536603510449e-07,-3.2271885765489605e-05,3.149363210513856e-05
near_symmetric_m2_least,0.2,18,-1.070142727315613e-05,-7.844457893891629e-07,-5.945237373975628e-07,-9.862707213121573e-34,-7.844457893891629e-07,-3.468693036617199e-05,3.390248457678282e-05
near_symmetric_m2_least,0.2,19,-1.150397965461602e-05,-8.0255238145989e-07,-6.054726134008431e-07,-9.887947752419563e-34,-8.0255238145989e-07,-3.8930032104388384e-05,3.812747972292849e-05
near_symmetric_m2_least,0.2,20,-1.2308859882468338e-05,-8.048802278523185e-07,-6.154429941234169e-07,-9.911990308655733e-34,-8.048802278523185e-07,-4.0338519009255446e-05,3.953363878140313e-05
near_symmetric_m2_least,0.2,21,-1.3114468012403197e-05,-8.056081299348596e-07,-6.244984767811047e-07,-9.921617992043435e-34,-8.056081299348596e-07,-4.162255469536668e-05,4.081694656543182e-05
near_symmetric_m2_least,0.2,22,-1.3921330787554387e-05,-8.068627751511905e-07,-6.32787763070654e-07,-9.928105807789111e-34,-8.068627751511905e-07,-4.367799514807196e-05,4.287113237292077e-05
near_symmetric_m2_least,0.2,23,-1.4728399309257355e-05,-8.070685217029681e-07,-6.403651873590154e-07,-9.952943405866913e-34,-8.070685217029681e-07,-4.437504584617661e-05,4.356797732447364e-05
near_symmetric_m2_least,0.2,24,-1.5539169090492142e-05,-8.107697812347855e-07,-6.474653787705059e-07,-9.964268383386585e-34,-8.107697812347855e-07,-4.710886169327416e-05,4.629809191203937e-05
near_symmetric_m2_least,0.2,25,-1.6359978769328004e-05,-8.208096788358606e-07,-6.543991507731201e-07,-9.983932407160443e-34,-8.208096788358606e-07,-5.1024887184637595e-05,5.020407750580173e-05
near_symmetric_m2_least,0.2,26,-1.7181619844592104e-05,-8.21641075264101e-07,-6.608315324843116e-07,-1.0061907539051553e-33,-8.21641075264101e-07,-5.2032044858490545e-05,5.1210403783226445e-05
near_symmetric_m3_selected,0.01,2,-1.5103787564440067e-08,-1.5103787564440067e-08,-7.551893782220034e-09,-3.5862813730985045e-34,-1.5103787564440067e-08,-2.3587033482853804e-07,2.2076654726409797e-07
near_symmetric_m3_selected,0.01,3,-1.2026379264115044e-06,-1.1875341388470643e-06,-4.008793088038348e-07,-5.043990669579813e-34,-1.1875341388470643e-06,-6.59411650496151e-05,6.475363091076804e-05
near_symmetric_m3_selected,0.01,4,-6.776971695021252e-06,-5.5743337686097475e-06,-1.694242923755313e-06,-8.658337223373995e-34,-5.5743337686097475e-06,-0.00023751660215987357,0.0002319422683912638
near_symmetric_m3_selected,0.01,5,-2.182359811507781e-05,-1.504662642005656e-05,-4.364719623015562e-06,-6.563767356704132e-33,-1.504662642005656e-05,-0.0004993189351124042,0.0004842723086923476
near_symmetric_m3_selected,0.01,6,-7.716502010761478e-05,-5.534142199253697e-05,-1.2860836684602463e-05,-7.685579384157735e-33,-5.534142199253697e-05,-0.0008641873365564567,0.0008088459145639198
near_symmetric_m3_selected,0.01,7,-0.00016309679107994027,-8.593177097232549e-05,-2.329954158284861e-05,-1.0880550278247111e-32,-8.593177097232549e-05,-0.0011948187771533593,0.0011088870061810338
near_symmetric_m3_selected,0.01,8,-0.0002612665779612648,-9.816978688132453e-05,-3.26583222451581e-05,-1.2079371449763692e-32,-9.816978688132453e-05,-0.0015598531974663921,0.0014616834105850675
near_symmetric_m3_selected,0.01,9,-0.0003718383034655773,-0.00011057172550431253,-4.131536705173081e-05,-1.4775062963379482e-32,-0.00011057172550431253,-0.001963708085618923,0.0018531363601146107
near_symmetric_m3_selected,0.01,10,-0.0005026729093293086,-0.00013083460586373128,-5.026729093293086e-05,-1.6439547187128545e-32,-0.00013083460586373128,-0.0021297634933303937,0.0019989288874666623
near_symmetric_m3_selected,0.01,11,-0.0006764518184921274,-0.0001737789091628188,-6.149561986292067e-05,-1.7760793036013472e-32,-0.0001737789091628188,-0.00216812963356835,0.0019943507244055314
near_symmetric_m3_selected,0.01,12,-0.0008962013001521153,-0.0002197494816599879,-7.468344167934294e-05,-2.8519162136257646e-32,-0.0002197494816599879,-0.0023307297409216887,0.002110980259261701
near_symmetric_m3_selected,0.01,13,-0.0011366140898163885,-0.00024041278966427314,-8.743185306279911e-05,-3.0745402413086967e-32,-0.00024041278966427314,-0.002718213881037955,0.002477801091373682
near_symmetric_m3_selected,0.01,14,-0.001386583034381883,-0.0002499689445654946,-9.904164531299164e-05,-3.3378466058392046e-32,-0.0002499689445654946,-0.0032137557083612434,0.002963786763795749
near_symmetric_m3_selected,0.01,15,-0.0016509824839572001,-0.00026439944957531704,-0.00011006549893048,-3.5307975266302183e-32,-0.00026439944957531704,-0.0034586102224056156,0.0031942107728302987
near_symmetric_m3_selected,0.01,16,-0.0019400565661720393,-0.00028907408221483905,-0.00012125353538575245,-3.6682904227559496e-32,-0.00028907408221483905,-0.0034797645797785513,0.0031906904975637124
near_symmetric_m3_selected,0.01,17,-0.002254959412989043,-0.0003149028468170039,-0.00013264467135229666,-4.2031130780706474e-32,-0.0003149028468170039,-0.0036021479778607854,0.0032872451310437816
near_symmetric_m3_selected,0.01,18,-0.002585858340303121,-0.00033089892731407794,-0.00014365879668350672,-4.5015729150159486e-32,-0.00033089892731407794,-0.00394283460110513,0.003611935673791052
near_symmetric_m3_selected,0.01,19,-0.0029250644228436392,-0.00033920608254051825,-0.00015395075909703363,-4.7784518361424666e-32,-0.00033920608254051825,-0.004391978518464748,0.0040527724359242295
near_symmetric_m3_selected,0.01,20,-0.0032729471324186975,-0.00034788270957505853,-0.00016364735662093488,-5.068977427858869e-32,-0.00034788270957505853,-0.0046161165093514395,0.004268233799776381
near_symmetric_m3_selected,0.01,21,-0.0036400133706961787,-0.0003670662382774812,-0.00017333397003315137,-5.384966682926125e-32,-0.0003670662382774812,-0.004590317271815261,0.00422325103353778
near_symmetric_m3_selected,0.01,22,-0.004026450340149497,-0.0003864369694533187,-0.00018302047000679533,-5.693392224623403e-32,-0.0003864369694533187,-0.004657581656965157,0.004271144687511838
near_symmetric_m3_selected,0.01,23,-0.004426719328638084,-0.00040026898848858695,-0.0001924660577668732,-6.645966481288324e-32,-0.00040026898848858695,-0.004942969910206506,0.004542700921717919
near_symmetric_m3_selected,0.01,24,-0.004836152719532026,-0.00040943339089394184,-0.0002015063633138344,-7.197167370743614e-32,-0.00040943339089394184,-0.0053158107674239966,0.0049063773765300545
near_symmetric_m4_meaningful,0.01,2,-5.64671690380335e-08,-5.64671690380335e-08,-2.823358451901675e-08,-7.042269781226736e-37,-5.64671690380335e-08,-0.0009652190505397771,0.0009651625833707391
near_symmetric_m4_meaningful,0.01,3,-1.9013274829638772e-07,-1.3366557925835422e-07,-6.337758276546257e-08,-8.489882497501592e-37,-1.3366557925835422e-07,-0.0009505346380721808,0.0009504009724929225
near_symmetric_m4_meaningful,0.01,4,-6.697847326404943e-06,-6.5077145781085554e-06,-1.6744618316012358e-06,-4.3708252295170587e-35,-6.5077145781085554e-06,-0.001589615788074893,0.0015831080734967846
near_symmetric_m4_meaningful,0.01,5,-1.6402246070949143e-05,-9.7043987445442e-06,-3.2804492141898285e-06,-7.675942900374506e-35,-9.7043987445442e-06,-0.0010902884703892154,0.0010805840716446712
near_symmetric_m4_meaningful,0.01,6,-4.703543192922204e-05,-3.06331858582729e-05,-7.83923865487034e-06,-3.7701357547330375e-34,-3.06331858582729e-05,-0.00169201830433445,0.001661385118476177
near_symmetric_m4_meaningful,0.01,7,-7.83484512142868e-05,-3.1313019285064766e-05,-1.1192635887755258e-05,-3.87859836122061e-34,-3.1313019285064766e-05,-0.0017516372718645555,0.0017203242525794908
near_symmetric_m4_meaningful,0.01,8,-0.0001188033009750005,-4.04548497607137e-05,-1.4850412621875063e-05,-4.161050213765322e-34,-4.04548497607137e-05,-0.001941590692475681,0.0019011358427149672
near_symmetric_m4_meaningful,0.01,9,-0.00017306703149018267,-5.4263730515182165e-05,-1.9229670165575854e-05,-7.494050861575602e-34,-5.4263730515182165e-05,-0.0023394180193411426,0.0022851542888259603
near_symmetric_m4_meaningful,0.01,10,-0.0002728766949729943,-9.980966348281164e-05,-2.728766949729943e-05,-2.3357014321114346e-32,-9.980966348281164e-05,-0.0028087619964435543,0.0027089523329607425
near_symmetric_m4_meaningful,0.01,11,-0.00037256383986636126,-9.968714489336691e-05,-3.386943998785102e-05,-2.423370812733365e-32,-9.968714489336691e-05,-0.002963529354057073,0.002863842209163706
near_symmetric_m4_meaningful,0.01,12,-0.00047970374056569904,-0.00010713990069933776,-3.997531171380825e-05,-2.534983150933243e-32,-0.00010713990069933776,-0.003081094724764668,0.0029739548240653303
near_symmetric_m4_meaningful,0.01,13,-0.00064173942443504,-0.00016203568386934097,-4.936457111038769e-05,-2.7183754962265786e-32,-0.00016203568386934097,-0.0036440530476246798,0.003482017363755339
near_symmetric_m4_meaningful,0.01,14,-0.0008374204640722345,-0.00019568103963719455,-5.981574743373103e-05,-4.5287131344722655e-32,-0.00019568103963719455,-0.003871156183286293,0.0036754751436490984
near_symmetric_m4_meaningful,0.01,15,-0.0010366993498060002,-0.00019927888573376565,-6.911328998706668e-05,-4.658974909858469e-32,-0.00019927888573376565,-0.004094974222223019,0.0038956953364892534
near_symmetric_m4_meaningful,0.01,16,-0.0012410430734245078,-0.0002043437236185077,-7.756519208903174e-05,-4.75358700728965e-32,-0.0002043437236185077,-0.004169787084038243,0.003965443360419735
near_symmetric_m4_meaningful,0.01,17,-0.0015097142925527302,-0.0002686712191282224,-8.880672309133707e-05,-4.928607890663539e-32,-0.0002686712191282224,-0.004791689252112291,0.004523018032984069
near_symmetric_m4_meaningful,0.01,18,-0.0018050766397405492,-0.0002953623471878191,-0.00010028203554114163,-6.261430668122958e-32,-0.0002953623471878191,-0.00502063127674944,0.004725268929561622
near_symmetric_m4_meaningful,0.01,19,-0.0021097918962192245,-0.00030471525647867505,-0.00011104167874838024,-6.659804761361365e-32,-0.00030471525647867505,-0.005270356659818058,0.004965641403339383
near_symmetric_m4_meaningful,0.01,20,-0.002419319207498617,-0.00030952731127939265,-0.00012096596037493084,-6.827313361628889e-32,-0.00030952731127939265,-0.00537179561034281,0.005062268299063417
near_symmetric_m4_meaningful,0.01,21,-0.0027782684371519296,-0.000358949229653313,-0.00013229849700723475,-6.999043071000613e-32,-0.000358949229653313,-0.0058667282344588845,0.005507779004805572
near_symmetric_m4_meaningful,0.01,22,-0.003161575559055084,-0.00038330712190315456,-0.0001437079799570493,-7.896207894694022e-32,-0.00038330712190315456,-0.006191529316347366,0.005808222194444212
near_symmetric_m4_meaningful,0.01,23,-0.0035548988401170266,-0.0003933232810619426,-0.0001545608191355229,-8.555973699641522e-32,-0.0003933232810619426,-0.00637873990293758,0.005985416621875637
near_symmetric_m4_meaningful,0.01,24,-0.003954464624969338,-0.0003995657848523112,-0.00016476935937372242,-8.829211817692232e-32,-0.0003995657848523112,-0.006513059352029074,0.006113493567176763
near_symmetric_m4_meaningful,0.002,2,-6.199176333382276e-08,-6.199176333382276e-08,-3.099588166691138e-08,-7.731304439835758e-37,-6.199176333382276e-08,-0.0010113363890353856,0.0010112743972720518
near_symmetric_m4_meaningful,0.002,3,-2.087351088901233e-07,-1.4674334555630055e-07,-6.95783696300411e-08,-9.325207293861309e-37,-1.4674334555630055e-07,-0.0009932626590401642,0.000993115915694608
near_symmetric_m4_meaningful,0.002,4,-7.366000328477063e-06,-7.15726521958694e-06,-1.8415000821192658e-06,-4.8114644158431883e-35,-7.15726521958694e-06,-0.0016723016250412923,0.0016651443598217053
near_symmetric_m4_meaningful,0.002,5,-1.8408922368831945e-05,-1.1042922040354881e-05,-3.681784473766389e-06,-9.791266869366375e-35,-1.1042922040354881e-05,-0.0011454763457106228,0.001134433423670268
near_symmetric_m4_meaningful,0.002,6,-5.247166282983666e-05,-3.406274046100471e-05,-8.745277138306109e-06,-4.943551326145436e-34,-3.406274046100471e-05,-0.0018785689935517007,0.001844506253090696
near_symmetric_m4_meaningful,0.002,7,-8.727531814494091e-05,-3.480365531510426e-05,-1.2467902592134416e-05,-5.093566294095284e-34,-3.480365531510426e-05,-0.0019231791841420034,0.0018883755288268992
near_symmetric_m4_meaningful,0.002,8,-0.00013262367682561076,-4.5348358680669835e-05,-1.6577959603201344e-05,-5.69510960357934e-34,-4.5348358680669835e-05,-0.0022742008426352347,0.0022288524839545647
near_symmetric_m4_meaningful,0.002,9,-0.00019645187305176336,-6.382819622615262e-05,-2.1827985894640374e-05,-1.0485801015361148e-33,-6.382819622615262e-05,-0.0025095020433984205,0.002445673847172268
near_symmetric_m4_meaningful,0.002,10,-0.00031171926533766353,-0.00011526739228590018,-3.117192653376635e-05,-2.760588136148526e-32,-0.00011526739228590018,-0.0029886606381112936,0.0028733932458253936
near_symmetric_m4_meaningful,0.002,11,-0.000426960301427055,-0.00011524103608939149,-3.8814572857005e-05,-2.88148647889302e-32,-0.00011524103608939149,-0.0031465181649572606,0.0030312771288678693
near_symmetric_m4_meaningful,0.002,12,-0.0005514820563088316,-0.00012452175488177652,-4.595683802573596e-05,-3.030809712242126e-32,-0.00012452175488177652,-0.003282586329940978,0.003158064575059201
near_symmetric_m4_meaningful,0.002,13,-0.0007430608565175659,-0.00019157880020873437,-5.7158527424428144e-05,-3.308585628359522e-32,-0.00019157880020873437,-0.0038844948143413223,0.003692916014132588
near_symmetric_m4_meaningful,0.002,14,-0.0009747044839995119,-0.000231643627481946,-6.962174885710799e-05,-5.768296459321409e-32,-0.000231643627481946,-0.004183351254993136,0.00395170762751119
near_symmetric_m4_meaningful,0.002,15,-0.0012115549918440339,-0.00023685050784452198,-8.077033278960226e-05,-5.967727137076699e-32,-0.00023685050784452198,-0.004436920995523265,0.004200070487678743
near_symmetric_m4_meaningful,0.002,16,-0.0014557417243673586,-0.00024418673252332484,-9.098385777295991e-05,-6.138754066840364e-32,-0.00024418673252332484,-0.004514662763261658,0.004270476030738333
near_symmetric_m4_meaningful,0.002,17,-0.0017772357450496392,-0.0003214940206822806,-0.00010454327912056701,-6.416680277448586e-32,-0.0003214940206822806,-0.005216980887590213,0.004895486866907932
near_symmetric_m4_meaningful,0.002,18,-0.002133960583373139,-0.0003567248383234998,-0.00011855336574295217,-8.422133283427491e-32,-0.0003567248383234998,-0.005419199010540533,0.005062474172217033
near_symmetric_m4_meaningful,0.002,19,-0.0025031730256544725,-0.0003692124422813336,-0.00013174594871865646,-9.049404054560516e-32,-0.0003692124422813336,-0.005701890948305657,0.0053326785060243236
near_symmetric_m4_meaningful,0.002,20,-0.0028802394871497803,-0.00037706646149530796,-0.00014401197435748902,-9.318758830747097e-32,-0.00037706646149530796,-0.005816374745861039,0.005439308284365731
near_symmetric_m4_meaningful,0.002,21,-0.0033176598591047046,-0.0004374203719549244,-0.00015798380281450974,-9.644966320980918e-32,-0.0004374203719549244,-0.0063447725720169115,0.005907352200061987
near_symmetric_m4_meaningful,0.002,22,-0.0037884762353332245,-0.0004708163762285199,-0.0001722034652424193,-1.105207293150079e-31,-0.0004708163762285199,-0.006672173638796727,0.006201357262568208
near_symmetric_m4_meaningful,0.002,23,-0.004273042387493835,-0.0004845661521606104,-0.00018578445163016673,-1.2051159822799175e-31,-0.0004845661521606104,-0.0068797138557780135,0.006395147703617403
near_symmetric_m4_meaningful,0.002,24,-0.0047677780427033255,-0.00049473565520949,-0.0001986574184459719,-1.2499178488287468e-31,-0.00049473565520949,-0.007033887153500992,0.006539151498291502
