example,s,r,eig_min,eig_max,feasible,hessian,fisher,acceleration,min_event_probability
canonical_n5,0.0,0.0,6.060882225493976e-05,0.9999049213042038,True,0.005205948203929056,-0.0,0.005205948203929056,1.1820506099994253e-12
canonical_n5,0.0,0.0001,6.060882225493976e-05,0.9999049213042038,True,0.0052040055113751205,-0.0,0.0052040055113751205,1.1820506099994253e-12
canonical_n5,0.0,0.0005,6.060882225493976e-05,0.9999049213042038,True,0.005196107906849212,-0.0,0.005196107906849212,1.1820506099994253e-12
canonical_n5,0.0,0.001,6.060882225493976e-05,0.9999049213042038,True,0.005185950524943639,-0.0,0.005185950524943639,1.1820506099994253e-12
canonical_n5,0.0,0.002,6.060882225493976e-05,0.9999049213042038,True,0.005164684507325212,-0.0,0.005164684507325212,1.1820506099994253e-12
canonical_n5,0.0,0.005,6.060882225493976e-05,0.9999049213042038,True,0.005093276423690174,-0.0,0.005093276423690174,1.1820506099994253e-12
canonical_n5,0.0,0.01,6.060882225493976e-05,0.9999049213042038,True,0.004948896192467966,-0.0,0.004948896192467966,1.1820506099994253e-12
canonical_n5,0.0,0.02,6.060882225493976e-05,0.9999049213042038,True,0.0045650103723169355,-0.0,0.0045650103723169355,1.1820506099994253e-12
canonical_n5,0.0,0.05,6.060882225493976e-05,0.9999049213042038,True,0.0026523500573052416,-0.0,0.0026523500573052416,1.1820506099994253e-12
canonical_n5,0.0,0.1,6.060882225493976e-05,0.9999049213042038,True,-0.0030720933141250573,-0.0,-0.0030720933141250573,1.1820506099994253e-12
canonical_n5,0.0,0.2,6.060882225493976e-05,0.9999049213042038,True,-0.024033515730491728,-0.0,-0.024033515730491728,1.1820506099994253e-12
canonical_n5,0.0,0.4,6.060882225493976e-05,0.9999049213042038,True,-0.1040065032532761,-0.0,-0.1040065032532761,1.1820506099994253e-12
canonical_n5,0.0,0.6,6.060882225493976e-05,0.9999049213042038,True,-0.23471301436453784,-0.0,-0.23471301436453784,1.1820506099994253e-12
canonical_n5,0.0,0.8,6.060882225493976e-05,0.9999049213042038,True,-0.4161530490641482,-0.0,-0.4161530490641482,1.1820506099994253e-12
canonical_n5,0.0,1.0,6.060882225493976e-05,0.9999049213042038,True,-0.6483266073520314,-0.0,-0.6483266073520314,1.1820506099994253e-12
canonical_n5,0.0001,0.0,0.0001061128408769787,0.9998478017767369,True,0.03342603248810927,-0.0,0.03342603248810927,3.1376232151199467e-12
canonical_n5,0.0001,0.0001,0.0001061128408769787,0.9998478017767369,True,0.033419240292923647,-0.0,0.033419240292923647,3.1376232151199467e-12
canonical_n5,0.0001,0.0005,0.0001061128408769787,0.9998478017767369,True,0.033391954089439624,-0.0,0.033391954089439624,3.1376232151199467e-12
canonical_n5,0.0001,0.001,0.0001061128408769787,0.9998478017767369,True,0.033357582128190844,-0.0,0.033357582128190844,3.1376232151199467e-12
canonical_n5,0.0001,0.002,0.0001061128408769787,0.9998478017767369,True,0.033287957516153543,-0.0,0.033287957516153543,3.1376232151199467e-12
canonical_n5,0.0001,0.005,0.0001061128408769787,0.9998478017767369,True,0.033072038170577356,-0.0,0.033072038170577356,3.1376232151199467e-12
canonical_n5,0.0001,0.01,0.0001061128408769787,0.9998478017767369,True,0.03268868755403731,-0.0,0.03268868755403731,3.1376232151199467e-12
canonical_n5,0.0001,0.02,0.0001061128408769787,0.9998478017767369,True,0.03183391742444508,-0.0,0.03183391742444508,3.1376232151199467e-12
canonical_n5,0.0001,0.05,0.0001061128408769787,0.9998478017767369,True,0.028565055854704147,-0.0,0.028565055854704147,3.1376232151199467e-12
canonical_n5,0.0001,0.1,0.0001061128408769787,0.9998478017767369,True,0.020768449310605952,-0.0,0.020768449310605952,3.1376232151199467e-12
canonical_n5,0.0001,0.2,0.0001061128408769787,0.9998478017767369,True,-0.003631653515279498,-0.0,-0.003631653515279498,3.1376232151199467e-12
canonical_n5,0.0001,0.4,0.0001061128408769787,0.9998478017767369,True,-0.08765941811132716,-0.0,-0.08765941811132716,3.1376232151199467e-12
canonical_n5,0.0001,0.6,0.0001061128408769787,0.9998478017767369,True,-0.21865726130136415,-0.0,-0.21865726130136415,3.1376232151199467e-12
canonical_n5,0.0001,0.8,0.0001061128408769787,0.9998478017767369,True,-0.39662518308491185,-0.0,-0.39662518308491185,3.1376232151199467e-12
canonical_n5,0.0001,1.0,0.0001061128408769787,0.9998478017767369,True,-0.6215631834621362,-0.0,-0.6215631834621362,3.1376232151199467e-12
canonical_n5,0.0005,0.0,0.00018542306068746974,0.9996424352471053,True,0.023021640707994617,-0.0,0.023021640707994617,2.3877082635465784e-11
canonical_n5,0.0005,0.0001,0.00018542306068746974,0.9996424352471053,True,0.023016882859272725,-0.0,0.023016882859272725,2.3877082635465784e-11
canonical_n5,0.0005,0.0005,0.00018542306068746974,0.9996424352471053,True,0.02299774417975331,-0.0,0.02299774417975331,2.3877082635465784e-11
canonical_n5,0.0005,0.001,0.00018542306068746974,0.9996424352471053,True,0.022973579441668335,-0.0,0.022973579441668335,2.3877082635465784e-11
canonical_n5,0.0005,0.002,0.00018542306068746974,0.9996424352471053,True,0.022924445338663002,-0.0,0.022924445338663002,2.3877082635465784e-11
canonical_n5,0.0005,0.005,0.00018542306068746974,0.9996424352471053,True,0.022770606007815664,-0.0,0.022770606007815664,2.3877082635465784e-11
canonical_n5,0.0005,0.01,0.00018542306068746974,0.9996424352471053,True,0.02249275038689036,-0.0,0.02249275038689036,2.3877082635465784e-11
canonical_n5,0.0005,0.02,0.00018542306068746974,0.9996424352471053,True,0.021856576382152104,-0.0,0.021856576382152104,2.3877082635465784e-11
canonical_n5,0.0005,0.05,0.00018542306068746974,0.9996424352471053,True,0.01930435226689675,-0.0,0.01930435226689675,2.3877082635465784e-11
canonical_n5,0.0005,0.1,0.00018542306068746974,0.9996424352471053,True,0.012904971739323923,-0.0,0.012904971739323923,2.3877082635465784e-11
canonical_n5,0.0005,0.2,0.00018542306068746974,0.9996424352471053,True,-0.00794006557573712,-0.0,-0.00794006557573712,2.3877082635465784e-11
canonical_n5,0.0005,0.4,0.00018542306068746974,0.9996424352471053,True,-0.08181524524480355,-0.0,-0.08181524524480355,2.3877082635465784e-11
canonical_n5,0.0005,0.6,0.00018542306068746974,0.9996424352471053,True,-0.1986038982990015,-0.0,-0.1986038982990015,2.3877082635465784e-11
canonical_n5,0.0005,0.8,0.00018542306068746974,0.9996424352471053,True,-0.35830602473818335,-0.0,-0.35830602473818335,2.3877082635465784e-11
canonical_n5,0.0005,1.0,0.00018542306068746974,0.9996424352471053,True,-0.560921624562406,-0.0,-0.560921624562406,2.3877082635465784e-11
canonical_n5,0.001,0.0,0.0002743320849499436,0.9994140037688041,True,0.0010771243437979194,-0.0,0.0010771243437979194,9.373182993112652e-11
canonical_n5,0.001,0.0001,0.0002743320849499436,0.9994140037688041,True,0.0010763048474891068,-0.0,0.0010763048474891068,9.373182993112652e-11
canonical_n5,0.001,0.0005,0.0002743320849499436,0.9994140037688041,True,0.0010729244471539001,-0.0,0.0010729244471539001,9.373182993112652e-11
canonical_n5,0.001,0.001,0.0002743320849499436,0.9994140037688041,True,0.0010684685129143112,-0.0,0.0010684685129143112,9.373182993112652e-11
canonical_n5,0.001,0.002,0.0002743320849499436,0.9994140037688041,True,0.0010587885310204825,-0.0,0.0010587885310204825,9.373182993112652e-11
canonical_n5,0.001,0.005,0.0002743320849499436,0.9994140037688041,True,0.0010236036802726556,-0.0,0.0010236036802726556,9.373182993112652e-11
canonical_n5,0.001,0.01,0.0002743320849499436,0.9994140037688041,True,0.0009444792428681126,-0.0,0.0009444792428681126,9.373182993112652e-11
canonical_n5,0.001,0.02,0.0002743320849499436,0.9994140037688041,True,0.0007094190462599848,-0.0,0.0007094190462599848,9.373182993112652e-11
canonical_n5,0.001,0.05,0.0002743320849499436,0.9994140037688041,True,-0.0006102521161521768,-0.0,-0.0006102521161521768,9.373182993112652e-11
canonical_n5,0.001,0.1,0.0002743320849499436,0.9994140037688041,True,-0.00485800596341357,-0.0,-0.00485800596341357,9.373182993112652e-11
canonical_n5,0.001,0.2,0.0002743320849499436,0.9994140037688041,True,-0.021034645820391273,-0.0,-0.021034645820391273,9.373182993112652e-11
canonical_n5,0.001,0.4,0.0002743320849499436,0.9994140037688041,True,-0.08411245418391822,-0.0,-0.08411245418391822,9.373182993112652e-11
canonical_n5,0.001,0.6,0.0002743320849499436,0.9994140037688041,True,-0.18815630074696593,-0.0,-0.18815630074696593,9.373182993112652e-11
canonical_n5,0.001,0.8,0.0002743320849499436,0.9994140037688041,True,-0.33316618550953275,-0.0,-0.33316618550953275,9.373182993112652e-11
canonical_n5,0.001,1.0,0.0002743320849499436,0.9994140037688041,True,-0.5191421084714988,-0.0,-0.5191421084714988,9.373182993112652e-11
canonical_n5,0.002,0.0,0.00044362609240856363,0.9989721581354638,True,-0.02536489330198899,-0.0,-0.02536489330198899,4.738208268281112e-10
canonical_n5,0.002,0.0001,0.00044362609240856363,0.9989721581354638,True,-0.025360984870511194,-0.0,-0.025360984870511194,4.738208268281112e-10
canonical_n5,0.002,0.0005,0.00044362609240856363,0.9989721581354638,True,-0.025345447874643323,-0.0,-0.025345447874643323,4.738208268281112e-10
canonical_n5,0.002,0.001,0.00044362609240856363,0.9989721581354638,True,-0.025326244273235154,-0.0,-0.025326244273235154,4.738208268281112e-10
canonical_n5,0.002,0.002,0.00044362609240856363,0.9989721581354638,True,-0.0252885625490058,-0.0,-0.0252885625490058,4.738208268281112e-10
canonical_n5,0.002,0.005,0.00044362609240856363,0.9989721581354638,True,-0.025181321202628837,-0.0,-0.025181321202628837,4.738208268281112e-10
canonical_n5,0.002,0.01,0.00044362609240856363,0.9989721581354638,True,-0.02502193171319611,-0.0,-0.02502193171319611,4.738208268281112e-10
canonical_n5,0.002,0.02,0.00044362609240856363,0.9989721581354638,True,-0.024775700564619862,-0.0,-0.024775700564619862,4.738208268281112e-10
canonical_n5,0.002,0.05,0.00044362609240856363,0.9989721581354638,True,-0.0246173897585944,-0.0,-0.0246173897585944,4.738208268281112e-10
canonical_n5,0.002,0.1,0.00044362609240856363,0.9989721581354638,True,-0.026288147215724922,-0.0,-0.026288147215724922,4.738208268281112e-10
canonical_n5,0.002,0.2,0.00044362609240856363,0.9989721581354638,True,-0.036884445131287524,-0.0,-0.036884445131287524,4.738208268281112e-10
canonical_n5,0.002,0.4,0.00044362609240856363,0.9989721581354638,True,-0.0870961729680198,-0.0,-0.0870961729680198,4.738208268281112e-10
canonical_n5,0.002,0.6,0.00044362609240856363,0.9989721581354638,True,-0.17600007681220647,-0.0,-0.17600007681220647,4.738208268281112e-10
canonical_n5,0.002,0.8,0.00044362609240856363,0.9989721581354638,True,-0.3035961566638181,-0.0,-0.3035961566638181,4.738208268281112e-10
canonical_n5,0.002,1.0,0.00044362609240856363,0.9989721581354638,True,-0.4698844125228883,-0.0,-0.4698844125228883,4.738208268281112e-10
canonical_n5,0.005,0.0,0.0009393550725862513,0.9976580487602522,True,-0.06502589571406026,-0.0,-0.06502589571406026,5.307320683426546e-09
canonical_n5,0.005,0.0001,0.0009393550725862513,0.9976580487602522,True,-0.06501481744172877,-0.0,-0.06501481744172877,5.307320683426546e-09
canonical_n5,0.005,0.0005,0.0009393550725862513,0.9976580487602522,True,-0.06497059293167973,-0.0,-0.06497059293167973,5.307320683426546e-09
canonical_n5,0.005,0.001,0.0009393550725862513,0.9976580487602522,True,-0.06491551159754894,-0.0,-0.06491551159754894,5.307320683426546e-09
canonical_n5,0.005,0.002,0.0009393550725862513,0.9976580487602522,True,-0.06480601327390045,-0.0,-0.06480601327390045,5.307320683426546e-09
canonical_n5,0.005,0.005,0.0009393550725862513,0.9976580487602522,True,-0.06448283306001501,-0.0,-0.06448283306001501,5.307320683426546e-09
canonical_n5,0.005,0.01,0.0009393550725862513,0.9976580487602522,True,-0.06396191522704975,-0.0,-0.06396191522704975,5.307320683426546e-09
canonical_n5,0.005,0.02,0.0009393550725862513,0.9976580487602522,True,-0.06298651402428157,-0.0,-0.06298651402428157,5.307320683426546e-09
canonical_n5,0.005,0.05,0.0009393550725862513,0.9976580487602522,True,-0.06059178612116323,-0.0,-0.06059178612116323,5.307320683426546e-09
canonical_n5,0.005,0.1,0.0009393550725862513,0.9976580487602522,True,-0.05837215863340761,-0.0,-0.05837215863340761,5.307320683426546e-09
canonical_n5,0.005,0.2,0.0009393550725862513,0.9976580487602522,True,-0.06057634997311301,-0.0,-0.06057634997311301,5.307320683426546e-09
canonical_n5,0.005,0.4,0.0009393550725862513,0.9976580487602522,True,-0.09155851791347869,-0.0,-0.09155851791347869,5.307320683426546e-09
canonical_n5,0.005,0.6,0.0009393550725862513,0.9976580487602522,True,-0.15797239953518966,-0.0,-0.15797239953518966,5.307320683426546e-09
canonical_n5,0.005,0.8,0.0009393550725862513,0.9976580487602522,True,-0.2598179948382142,-0.0,-0.2598179948382142,5.307320683426546e-09
canonical_n5,0.005,1.0,0.0009393550725862513,0.9976580487602522,True,-0.3970953038225511,-0.0,-0.3970953038225511,5.307320683426546e-09
canonical_n5,0.01,0.0,0.001759991915049509,0.9954717032818347,True,-0.10374796601595793,-0.0,-0.10374796601595793,3.734879995542964e-08
canonical_n5,0.01,0.0001,0.001759991915049509,0.9954717032818347,True,-0.10372977452169618,-0.0,-0.10372977452169618,3.734879995542964e-08
canonical_n5,0.01,0.0005,0.001759991915049509,0.9954717032818347,True,-0.10365709187339123,-0.0,-0.10365709187339123,3.734879995542964e-08
canonical_n5,0.01,0.001,0.001759991915049509,0.9954717032818347,True,-0.1035664260527136,-0.0,-0.1035664260527136,3.734879995542964e-08
canonical_n5,0.01,0.002,0.001759991915049509,0.9954717032818347,True,-0.10338571937707597,-0.0,-0.10338571937707597,3.734879995542964e-08
canonical_n5,0.01,0.005,0.001759991915049509,0.9954717032818347,True,-0.10284859907589872,-0.0,-0.10284859907589872,3.734879995542964e-08
canonical_n5,0.01,0.01,0.001759991915049509,0.9954717032818347,True,-0.10197006432633049,-0.0,-0.10197006432633049,3.734879995542964e-08
canonical_n5,0.01,0.02,0.001759991915049509,0.9954717032818347,True,-0.10027549139866931,-0.0,-0.10027549139866931,3.734879995542964e-08
canonical_n5,0.01,0.05,0.001759991915049509,0.9954717032818347,True,-0.09569174518744017,-0.0,-0.09569174518744017,3.734879995542964e-08
canonical_n5,0.01,0.1,0.001759991915049509,0.9954717032818347,True,-0.08971874340813257,-0.0,-0.08971874340813257,3.734879995542964e-08
canonical_n5,0.01,0.2,0.001759991915049509,0.9954717032818347,True,-0.08402239699710035,-0.0,-0.08402239699710035,3.734879995542964e-08
canonical_n5,0.01,0.4,0.001759991915049509,0.9954717032818347,True,-0.09762833276549782,-0.0,-0.09762833276549782,3.734879995542964e-08
canonical_n5,0.01,0.6,0.001759991915049509,0.9954717032818347,True,-0.14456577332115184,-0.0,-0.14456577332115184,3.734879995542964e-08
canonical_n5,0.01,0.8,0.001759991915049509,0.9954717032818347,True,-0.22483471866406723,-0.0,-0.22483471866406723,3.734879995542964e-08
canonical_n5,0.01,1.0,0.001759991915049509,0.9954717032818347,True,-0.3384351687942426,-0.0,-0.3384351687942426,3.734879995542964e-08
canonical_n5,0.02,0.0,0.0033982759633602432,0.9911021139776494,True,-0.1568076973638307,-0.0,-0.1568076973638307,2.7705292747093643e-07
canonical_n5,0.02,0.0001,0.0033982759633602432,0.9911021139776494,True,-0.15677966721726866,-0.0,-0.15677966721726866,2.7705292747093643e-07
canonical_n5,0.02,0.0005,0.0033982759633602432,0.9911021139776494,True,-0.15666762689342395,-0.0,-0.15666762689342395,2.7705292747093643e-07
canonical_n5,0.02,0.001,0.0033982759633602432,0.9911021139776494,True,-0.15652775707898814,-0.0,-0.15652775707898814,2.7705292747093643e-07
canonical_n5,0.02,0.002,0.0033982759633602432,0.9911021139776494,True,-0.1562486194180146,-0.0,-0.1562486194180146,2.7705292747093643e-07
canonical_n5,0.02,0.005,0.0033982759633602432,0.9911021139776494,True,-0.1554160221783164,-0.0,-0.1554160221783164,2.7705292747093643e-07
canonical_n5,0.02,0.01,0.0033982759633602432,0.9911021139776494,True,-0.15404441258957102,-0.0,-0.15404441258957102,2.7705292747093643e-07
canonical_n5,0.02,0.02,0.0033982759633602432,0.9911021139776494,True,-0.1513613902023836,-0.0,-0.1513613902023836,2.7705292747093643e-07
canonical_n5,0.02,0.05,0.0033982759633602432,0.9911021139776494,True,-0.14379389736307224,-0.0,-0.14379389736307224,2.7705292747093643e-07
canonical_n5,0.02,0.1,0.0033982759633602432,0.9911021139776494,True,-0.13278665703855297,-0.0,-0.13278665703855297,2.7705292747093643e-07
canonical_n5,0.02,0.2,0.0033982759633602432,0.9911021139776494,True,-0.11679185541820863,-0.0,-0.11679185541820863,2.7705292747093643e-07
canonical_n5,0.02,0.4,0.0033982759633602432,0.9911021139776494,True,-0.10888096829224136,-0.0,-0.10888096829224136,2.7705292747093643e-07
canonical_n5,0.02,0.6,0.0033982759633602432,0.9911021139776494,True,-0.1330750359859392,-0.0,-0.1330750359859392,2.7705292747093643e-07
canonical_n5,0.02,0.8,0.0033982759633602432,0.9911021139776494,True,-0.1893740584992955,-0.0,-0.1893740584992955,2.7705292747093643e-07
canonical_n5,0.02,1.0,0.0033982759633602432,0.9911021139776494,True,-0.27777803583231264,-0.0,-0.27777803583231264,2.7705292747093643e-07
canonical_n5,0.05,0.0,0.008305711673252142,0.9780105274128058,True,-0.25244283839355375,-0.0,-0.25244283839355375,4.0205983808283065e-06
canonical_n5,0.05,0.0001,0.008305711673252142,0.9780105274128058,True,-0.2523969827809257,-0.0,-0.2523969827809257,4.0205983808283065e-06
canonical_n5,0.05,0.0005,0.008305711673252142,0.9780105274128058,True,-0.2522136406658081,-0.0,-0.2522136406658081,4.0205983808283065e-06
canonical_n5,0.05,0.001,0.008305711673252142,0.9780105274128058,True,-0.2519846437765427,-0.0,-0.2519846437765427,4.0205983808283065e-06
canonical_n5,0.05,0.002,0.008305711673252142,0.9780105274128058,True,-0.2515272525134473,-0.0,-0.2515272525134473,4.0205983808283065e-06
canonical_n5,0.05,0.005,0.008305711673252142,0.9780105274128058,True,-0.25015989884766754,-0.0,-0.25015989884766754,4.0205983808283065e-06
canonical_n5,0.05,0.01,0.008305711673252142,0.9780105274128058,True,-0.2478970431497345,-0.0,-0.2478970431497345,4.0205983808283065e-06
canonical_n5,0.05,0.02,0.008305711673252142,0.9780105274128058,True,-0.2434315832977193,-0.0,-0.2434315832977193,4.0205983808283065e-06
canonical_n5,0.05,0.05,0.008305711673252142,0.9780105274128058,True,-0.23051721609247566,-0.0,-0.23051721609247566,4.0205983808283065e-06
canonical_n5,0.05,0.1,0.008305711673252142,0.9780105274128058,True,-0.2105999785864312,-0.0,-0.2105999785864312,4.0205983808283065e-06
canonical_n5,0.05,0.2,0.008305711673252142,0.9780105274128058,True,-0.17679065795944532,-0.0,-0.17679065795944532,4.0205983808283065e-06
canonical_n5,0.05,0.4,0.008305711673252142,0.9780105274128058,True,-0.13327263424589259,-0.0,-0.13327263424589259,4.0205983808283065e-06
canonical_n5,0.05,0.6,0.008305711673252142,0.9780105274128058,True,-0.12188876725289796,-0.0,-0.12188876725289796,4.0205983808283065e-06
canonical_n5,0.05,0.8,0.008305711673252142,0.9780105274128058,True,-0.14263905698045998,-0.0,-0.14263905698045998,4.0205983808283065e-06
canonical_n5,0.05,1.0,0.008305711673252142,0.9780105274128058,True,-0.1955235034285796,-0.0,-0.1955235034285796,4.0205983808283065e-06
canonical_n5,0.1,0.0,0.01646454142310668,0.9562508824226773,True,-0.324400360824791,-0.0,-0.324400360824791,2.9930814871701616e-05
canonical_n5,0.1,0.0001,0.01646454142310668,0.9562508824226773,True,-0.32434106747246405,-0.0,-0.32434106747246405,2.9930814871701616e-05
canonical_n5,0.1,0.0005,0.01646454142310668,0.9562508824226773,True,-0.3241039744179886,-0.0,-0.3241039744179886,2.9930814871701616e-05
canonical_n5,0.1,0.001,0.01646454142310668,0.9562508824226773,True,-0.32380778889826284,-0.0,-0.32380778889826284,2.9930814871701616e-05
canonical_n5,0.1,0.002,0.01646454142310668,0.9562508824226773,True,-0.3232160205200479,-0.0,-0.3232160205200479,2.9930814871701616e-05
canonical_n5,0.1,0.005,0.01646454142310668,0.9562508824226773,True,-0.321445536675276,-0.0,-0.321445536675276,2.9930814871701616e-05
canonical_n5,0.1,0.01,0.01646454142310668,0.9562508824226773,True,-0.31851080123357106,-0.0,-0.31851080123357106,2.9930814871701616e-05
canonical_n5,0.1,0.02,0.01646454142310668,0.9562508824226773,True,-0.312701596473597,-0.0,-0.312701596473597,2.9930814871701616e-05
canonical_n5,0.1,0.05,0.01646454142310668,0.9562508824226773,True,-0.2957561111811295,-0.0,-0.2957561111811295,2.9930814871701616e-05
canonical_n5,0.1,0.1,0.01646454142310668,0.9562508824226773,True,-0.26912073231855177,-0.0,-0.26912073231855177,2.9930814871701616e-05
canonical_n5,0.1,0.2,0.01646454142310668,0.9562508824226773,True,-0.2218765869366518,-0.0,-0.2218765869366518,2.9930814871701616e-05
canonical_n5,0.1,0.4,0.01646454142310668,0.9562508824226773,True,-0.15149474554586576,-0.0,-0.15149474554586576,2.9930814871701616e-05
canonical_n5,0.1,0.6,0.01646454142310668,0.9562508824226773,True,-0.11325483665243469,-0.0,-0.11325483665243469,2.9930814871701616e-05
canonical_n5,0.1,0.8,0.01646454142310668,0.9562508824226773,True,-0.1071568602563583,-0.0,-0.1071568602563583,2.9930814871701616e-05
canonical_n5,0.1,1.0,0.01646454142310668,0.9562508824226773,True,-0.133200816357636,-0.0,-0.133200816357636,2.9930814871701616e-05
canonical_n5,0.2,0.0,0.03269623417569455,0.913000592025506,True,-0.33612612221441657,-0.0,-0.33612612221441657,0.00021034611462883662
canonical_n5,0.2,0.0001,0.03269623417569455,0.913000592025506,True,-0.3360646903111887,-0.0,-0.3360646903111887,0.00021034611462883662
canonical_n5,0.2,0.0005,0.03269623417569455,0.913000592025506,True,-0.3358190333894578,-0.0,-0.3358190333894578,0.00021034611462883662
canonical_n5,0.2,0.001,0.03269623417569455,0.913000592025506,True,-0.33551212129244934,-0.0,-0.33551212129244934,0.00021034611462883662
canonical_n5,0.2,0.002,0.03269623417569455,0.913000592025506,True,-0.33489882728228515,-0.0,-0.33489882728228515,0.00021034611462883662
canonical_n5,0.2,0.005,0.03269623417569455,0.913000592025506,True,-0.3330631867226056,-0.0,-0.3330631867226056,0.00021034611462883662
canonical_n5,0.2,0.01,0.03269623417569455,0.913000592025506,True,-0.3300179240258642,-0.0,-0.3300179240258642,0.00021034611462883662
canonical_n5,0.2,0.02,0.03269623417569455,0.913000592025506,True,-0.3239804170175819,-0.0,-0.3239804170175819,0.00021034611462883662
canonical_n5,0.2,0.05,0.03269623417569455,0.913000592025506,True,-0.3062920430743693,-0.0,-0.3062920430743693,0.00021034611462883662
canonical_n5,0.2,0.1,0.03269623417569455,0.913000592025506,True,-0.27822524344112864,-0.0,-0.27822524344112864,0.00021034611462883662
canonical_n5,0.2,0.2,0.03269623417569455,0.913000592025506,True,-0.22739348269506487,-0.0,-0.22739348269506487,0.00021034611462883662
canonical_n5,0.2,0.4,0.03269623417569455,0.913000592025506,True,-0.14693731528461385,-0.0,-0.14693731528461385,0.00021034611462883662
canonical_n5,0.2,0.6,0.03269623417569455,0.913000592025506,True,-0.09475761998306304,-0.0,-0.09475761998306304,0.00021034611462883662
canonical_n5,0.2,0.8,0.03269623417569455,0.913000592025506,True,-0.07085439679041255,-0.0,-0.07085439679041255,0.00021034611462883662
canonical_n5,0.2,1.0,0.03269623417569455,0.913000592025506,True,-0.07522764570666242,-0.0,-0.07522764570666242,0.00021034611462883662
canonical_n5,0.4,0.0,0.06467863573086148,0.8281334487592398,True,-0.21748012840041744,-0.0,-0.21748012840041744,0.001277556718192502
canonical_n5,0.4,0.0001,0.06467863573086148,0.8281334487592398,True,-0.21744124241700874,-0.0,-0.21744124241700874,0.001277556718192502
canonical_n5,0.4,0.0005,0.06467863573086148,0.8281334487592398,True,-0.21728573925297692,-0.0,-0.21728573925297692,0.001277556718192502
canonical_n5,0.4,0.001,0.06467863573086148,0.8281334487592398,True,-0.2170914520295483,-0.0,-0.2170914520295483,0.001277556718192502
canonical_n5,0.4,0.002,0.06467863573086148,0.8281334487592398,True,-0.21670318335472688,-0.0,-0.21670318335472688,0.001277556718192502
canonical_n5,0.4,0.005,0.06467863573086148,0.8281334487592398,True,-0.21554082350655368,-0.0,-0.21554082350655368,0.001277556718192502
canonical_n5,0.4,0.01,0.06467863573086148,0.8281334487592398,True,-0.21361171101389625,-0.0,-0.21361171101389625,0.001277556718192502
canonical_n5,0.4,0.02,0.06467863573086148,0.8281334487592398,True,-0.20978406323220028,-0.0,-0.20978406323220028,0.001277556718192502
canonical_n5,0.4,0.05,0.06467863573086148,0.8281334487592398,True,-0.19854573751605775,-0.0,-0.19854573751605775,0.001277556718192502
canonical_n5,0.4,0.1,0.06467863573086148,0.8281334487592398,True,-0.18063058675230587,-0.0,-0.18063058675230587,0.001277556718192502
canonical_n5,0.4,0.2,0.06467863573086148,0.8281334487592398,True,-0.14785800558662912,-0.0,-0.14785800558662912,0.001277556718192502
canonical_n5,0.4,0.4,0.06467863573086148,0.8281334487592398,True,-0.09454372470257935,-0.0,-0.09454372470257935,0.001277556718192502
canonical_n5,0.4,0.6,0.06467863573086148,0.8281334487592398,True,-0.05753728574826811,-0.0,-0.05753728574826811,0.001277556718192502
canonical_n5,0.4,0.8,0.06467863573086148,0.8281334487592398,True,-0.03683868872369559,-0.0,-0.03683868872369559,0.001277556718192502
canonical_n5,0.4,1.0,0.06467863573086148,0.8281334487592398,True,-0.03244793362886168,-0.0,-0.03244793362886168,0.001277556718192502
canonical_n5,0.6,0.0,0.09554533967380369,0.7476539178360633,True,-0.10784417345240166,-0.0,-0.10784417345240166,0.003134896771568366
canonical_n5,0.6,0.0001,0.09554533967380369,0.7476539178360633,True,-0.10782638910920778,-0.0,-0.10782638910920778,0.003134896771568366
canonical_n5,0.6,0.0005,0.09554533967380369,0.7476539178360633,True,-0.10775526966654045,-0.0,-0.10775526966654045,0.003134896771568366
canonical_n5,0.6,0.001,0.09554533967380369,0.7476539178360633,True,-0.10766641070594993,-0.0,-0.10766641070594993,0.003134896771568366
canonical_n5,0.6,0.002,0.09554533967380369,0.7476539178360633,True,-0.10748882726058281,-0.0,-0.10748882726058281,0.003134896771568366
canonical_n5,0.6,0.005,0.09554533967380369,0.7476539178360633,True,-0.10695715273098774,-0.0,-0.10695715273098774,0.003134896771568366
canonical_n5,0.6,0.01,0.09554533967380369,0.7476539178360633,True,-0.10607461453668776,-0.0,-0.10607461453668776,0.003134896771568366
canonical_n5,0.6,0.02,0.09554533967380369,0.7476539178360633,True,-0.10432298572942447,-0.0,-0.10432298572942447,0.003134896771568366
canonical_n5,0.6,0.05,0.09554533967380369,0.7476539178360633,True,-0.09917567995834128,-0.0,-0.09917567995834128,0.003134896771568366
canonical_n5,0.6,0.1,0.09554533967380369,0.7476539178360633,True,-0.09095543917555593,-0.0,-0.09095543917555593,0.003134896771568366
canonical_n5,0.6,0.2,0.09554533967380369,0.7476539178360633,True,-0.07585971574381198,-0.0,-0.07585971574381198,0.003134896771568366
canonical_n5,0.6,0.4,0.09554533967380369,0.7476539178360633,True,-0.05104730141562984,-0.0,-0.05104730141562984,0.003134896771568366
canonical_n5,0.6,0.6,0.09554533967380369,0.7476539178360633,True,-0.03340693046785455,-0.0,-0.03340693046785455,0.003134896771568366
canonical_n5,0.6,0.8,0.09554533967380369,0.7476539178360633,True,-0.022938602900486382,-0.0,-0.022938602900486382,0.003134896771568366
canonical_n5,0.6,1.0,0.09554533967380369,0.7476539178360633,True,-0.019642318713525446,-0.0,-0.019642318713525446,0.003134896771568366
canonical_n5,0.8,0.0,0.1239241978053764,0.6794033425694128,True,-0.0438432445757741,-0.0,-0.0438432445757741,0.005064657811014771
canonical_n5,0.8,0.0001,0.1239241978053764,0.6794033425694128,True,-0.04383787611711498,-0.0,-0.04383787611711498,0.005064657811014771
canonical_n5,0.8,0.0005,0.1239241978053764,0.6794033425694128,True,-0.04381640741382156,-0.0,-0.04381640741382156,0.005064657811014771
canonical_n5,0.8,0.001,0.1239241978053764,0.6794033425694128,True,-0.04378958308022232,-0.0,-0.04378958308022232,0.005064657811014771
canonical_n5,0.8,0.002,0.1239241978053764,0.6794033425694128,True,-0.04373597289808778,-0.0,-0.04373597289808778,0.005064657811014771
canonical_n5,0.8,0.005,0.1239241978053764,0.6794033425694128,True,-0.04357545023217513,-0.0,-0.04357545023217513,0.005064657811014771
canonical_n5,0.8,0.01,0.1239241978053764,0.6794033425694128,True,-0.043308938723967794,-0.0,-0.043308938723967794,0.005064657811014771
canonical_n5,0.8,0.02,0.1239241978053764,0.6794033425694128,True,-0.042779764213729005,-0.0,-0.042779764213729005,0.005064657811014771
canonical_n5,0.8,0.05,0.1239241978053764,0.6794033425694128,True,-0.041223028732411626,-0.0,-0.041223028732411626,0.005064657811014771
canonical_n5,0.8,0.1,0.1239241978053764,0.6794033425694128,True,-0.03873109642821668,-0.0,-0.03873109642821668,0.005064657811014771
canonical_n5,0.8,0.2,0.1239241978053764,0.6794033425694128,True,-0.034132082437330374,-0.0,-0.034132082437330374,0.005064657811014771
canonical_n5,0.8,0.4,0.1239241978053764,0.6794033425694128,True,-0.026473456925569863,-0.0,-0.026473456925569863,0.005064657811014771
canonical_n5,0.8,0.6,0.1239241978053764,0.6794033425694128,True,-0.02086736804049183,-0.0,-0.02086736804049183,0.005064657811014771
canonical_n5,0.8,0.8,0.1239241978053764,0.6794033425694128,True,-0.017313815782096606,-0.0,-0.017313815782096606,0.005064657811014771
canonical_n5,0.8,1.0,0.1239241978053764,0.6794033425694128,True,-0.015812800150384155,-0.0,-0.015812800150384155,0.005064657811014771
canonical_n5,1.0,0.0,0.145092758770952,0.6508201674310897,True,-0.023260318057422374,-0.0,-0.023260318057422374,0.006086111646154104
canonical_n5,1.0,0.0001,0.145092758770952,0.6508201674310897,True,-0.023258627536477866,-0.0,-0.023258627536477866,0.006086111646154104
canonical_n5,1.0,0.0005,0.145092758770952,0.6508201674310897,True,-0.023251867156491662,-0.0,-0.023251867156491662,0.006086111646154104
canonical_n5,1.0,0.001,0.145092758770952,0.6508201674310897,True,-0.023243420515040886,-0.0,-0.023243420515040886,0.006086111646154104
canonical_n5,1.0,0.002,0.145092758770952,0.6508201674310897,True,-0.023226540010584856,-0.0,-0.023226540010584856,0.006086111646154104
canonical_n5,1.0,0.005,0.145092758770952,0.6508201674310897,True,-0.02317600072477169,-0.0,-0.02317600072477169,0.006086111646154104
canonical_n5,1.0,0.01,0.145092758770952,0.6508201674310897,True,-0.023092109340266564,-0.0,-0.023092109340266564,0.006086111646154104
canonical_n5,1.0,0.02,0.145092758770952,0.6508201674310897,True,-0.022925604415695938,-0.0,-0.022925604415695938,0.006086111646154104
canonical_n5,1.0,0.05,0.145092758770952,0.6508201674310897,True,-0.022436312397492525,-0.0,-0.022436312397492525,0.006086111646154104
canonical_n5,1.0,0.1,0.145092758770952,0.6508201674310897,True,-0.02165490155218519,-0.0,-0.02165490155218519,0.006086111646154104
canonical_n5,1.0,0.2,0.145092758770952,0.6508201674310897,True,-0.02021986430543854,-0.0,-0.02021986430543854,0.006086111646154104
canonical_n5,1.0,0.4,0.145092758770952,0.6508201674310897,True,-0.01786092758742197,-0.0,-0.01786092758742197,0.006086111646154104
canonical_n5,1.0,0.6,0.145092758770952,0.6508201674310897,True,-0.016183507903372113,-0.0,-0.016183507903372113,0.006086111646154104
canonical_n5,1.0,0.8,0.145092758770952,0.6508201674310897,True,-0.015187605253289375,-0.0,-0.015187605253289375,0.006086111646154104
canonical_n5,1.0,1.0,0.145092758770952,0.6508201674310897,True,-0.014873219637173772,-0.0,-0.014873219637173772,0.006086111646154104
larger_gap_n5,0.0,0.0,0.0009208842789005986,0.9980480509150194,True,2.9141713604586364e-08,-0.0,2.9141713604586364e-08,6.103449997367285e-09
larger_gap_n5,0.0,0.0001,0.0009208842789005986,0.9980480509150194,True,2.913643070058908e-08,-0.0,2.913643070058908e-08,6.103449997367285e-09
larger_gap_n5,0.0,0.0005,0.0009208842789005986,0.9980480509150194,True,2.9115193614451482e-08,-0.0,2.9115193614451482e-08,6.103449997367285e-09
larger_gap_n5,0.0,0.001,0.0009208842789005986,0.9980480509150194,True,2.9088409948766955e-08,-0.0,2.9088409948766955e-08,6.103449997367285e-09
larger_gap_n5,0.0,0.002,0.0009208842789005986,0.9980480509150194,True,2.9034051590905874e-08,-0.0,2.9034051590905874e-08,6.103449997367285e-09
larger_gap_n5,0.0,0.005,0.0009208842789005986,0.9980480509150194,True,2.8864648304955718e-08,-0.0,2.8864648304955718e-08,6.103449997367285e-09
larger_gap_n5,0.0,0.01,0.0009208842789005986,0.9980480509150194,True,2.8561215454003783e-08,-0.0,2.8561215454003783e-08,6.103449997367285e-09
larger_gap_n5,0.0,0.02,0.0009208842789005986,0.9980480509150194,True,2.7875247097921534e-08,-0.0,2.7875247097921534e-08,6.103449997367285e-09
larger_gap_n5,0.0,0.05,0.0009208842789005986,0.9980480509150194,True,2.5184520797124233e-08,-0.0,2.5184520797124233e-08,6.103449997367285e-09
larger_gap_n5,0.0,0.1,0.0009208842789005986,0.9980480509150194,True,1.8590572853668094e-08,-0.0,1.8590572853668094e-08,6.103449997367285e-09
larger_gap_n5,0.0,0.2,0.0009208842789005986,0.9980480509150194,True,-2.507588441316738e-09,-0.0,-2.507588441316738e-09,6.103449997367285e-09
larger_gap_n5,0.0,0.4,0.0009208842789005986,0.9980480509150194,True,-7.63449726635845e-08,-0.0,-7.63449726635845e-08,6.103449997367285e-09
larger_gap_n5,0.0,0.6,0.0009208842789005986,0.9980480509150194,True,-1.9237043906221544e-07,-0.0,-1.9237043906221544e-07,6.103449997367285e-09
larger_gap_n5,0.0,0.8,0.0009208842789005986,0.9980480509150194,True,-3.505839876372093e-07,-0.0,-3.505839876372093e-07,6.103449997367285e-09
larger_gap_n5,0.0,1.0,0.0009208842789005986,0.9980480509150194,True,-5.509856183885628e-07,-0.0,-5.509856183885628e-07,6.103449997367285e-09
larger_gap_n5,0.0001,0.0,0.00094212926783072,0.9979926447378513,True,2.8350093008179723e-08,-0.0,2.8350093008179723e-08,6.535138562316508e-09
larger_gap_n5,0.0001,0.0001,0.00094212926783072,0.9979926447378513,True,2.8344932822661637e-08,-0.0,2.8344932822661637e-08,6.535138562316508e-09
larger_gap_n5,0.0001,0.0005,0.00094212926783072,0.9979926447378513,True,2.832418706501547e-08,-0.0,2.832418706501547e-08,6.535138562316508e-09
larger_gap_n5,0.0001,0.001,0.00094212926783072,0.9979926447378513,True,2.8298018582739416e-08,-0.0,2.8298018582739416e-08,6.535138562316508e-09
larger_gap_n5,0.0001,0.002,0.00094212926783072,0.9979926447378513,True,2.824489400082121e-08,-0.0,2.824489400082121e-08,6.535138562316508e-09
larger_gap_n5,0.0001,0.005,0.00094212926783072,0.9979926447378513,True,2.8079219315810408e-08,-0.0,2.8079219315810408e-08,6.535138562316508e-09
larger_gap_n5,0.0001,0.01,0.00094212926783072,0.9979926447378513,True,2.7782091710141533e-08,-0.0,2.7782091710141533e-08,6.535138562316508e-09
larger_gap_n5,0.0001,0.02,0.00094212926783072,0.9979926447378513,True,2.710907475879902e-08,-0.0,2.710907475879902e-08,6.535138562316508e-09
larger_gap_n5,0.0001,0.05,0.00094212926783072,0.9979926447378513,True,2.4459929985102338e-08,-0.0,2.4459929985102338e-08,6.535138562316508e-09
larger_gap_n5,0.0001,0.1,0.00094212926783072,0.9979926447378513,True,1.7944375629868525e-08,-0.0,1.7944375629868525e-08,6.535138562316508e-09
larger_gap_n5,0.0001,0.2,0.00094212926783072,0.9979926447378513,True,-2.9629070772322837e-09,-0.0,-2.9629070772322837e-09,6.535138562316508e-09
larger_gap_n5,0.0001,0.4,0.00094212926783072,0.9979926447378513,True,-7.628216847784741e-08,-0.0,-7.628216847784741e-08,6.535138562316508e-09
larger_gap_n5,0.0001,0.6,0.00094212926783072,0.9979926447378513,True,-1.9160769119368625e-07,-0.0,-1.9160769119368625e-07,6.535138562316508e-09
larger_gap_n5,0.0001,0.8,0.00094212926783072,0.9979926447378513,True,-3.489394752247546e-07,-0.0,-3.489394752247546e-07,6.535138562316508e-09
larger_gap_n5,0.0001,1.0,0.00094212926783072,0.9979926447378513,True,-5.482775205710481e-07,-0.0,-5.482775205710481e-07,6.535138562316508e-09
larger_gap_n5,0.0005,0.0,0.001024318516313182,0.9977791037352556,True,2.4602169896280795e-08,-0.0,2.4602169896280795e-08,8.418113061655033e-09
larger_gap_n5,0.0005,0.0001,0.001024318516313182,0.9977791037352556,True,2.4597623972724698e-08,-0.0,2.4597623972724698e-08,8.418113061655033e-09
larger_gap_n5,0.0005,0.0005,0.001024318516313182,0.9977791037352556,True,2.4579336824061572e-08,-0.0,2.4579336824061572e-08,8.418113061655033e-09
larger_gap_n5,0.0005,0.001,0.001024318516313182,0.9977791037352556,True,2.455624511600025e-08,-0.0,2.455624511600025e-08,8.418113061655033e-09
larger_gap_n5,0.0005,0.002,0.001024318516313182,0.9977791037352556,True,2.4509285792267237e-08,-0.0,2.4509285792267237e-08,8.418113061655033e-09
larger_gap_n5,0.0005,0.005,0.001024318516313182,0.9977791037352556,True,2.436220056025324e-08,-0.0,2.436220056025324e-08,8.418113061655033e-09
larger_gap_n5,0.0005,0.01,0.001024318516313182,0.9977791037352556,True,2.4096367637519097e-08,-0.0,2.4096367637519097e-08,8.418113061655033e-09
larger_gap_n5,0.0005,0.02,0.001024318516313182,0.9977791037352556,True,2.3487111032144486e-08,-0.0,2.3487111032144486e-08,8.418113061655033e-09
larger_gap_n5,0.0005,0.05,0.001024318516313182,0.9977791037352556,True,2.1038615136287165e-08,-0.0,2.1038615136287165e-08,8.418113061655033e-09
larger_gap_n5,0.0005,0.1,0.001024318516313182,0.9977791037352556,True,1.4888701710809028e-08,-0.0,1.4888701710809028e-08,8.418113061655033e-09
larger_gap_n5,0.0005,0.2,0.001024318516313182,0.9977791037352556,True,-5.170201136576943e-09,-0.0,-5.170201136576943e-09,8.418113061655033e-09
larger_gap_n5,0.0005,0.4,0.001024318516313182,0.9977791037352556,True,-7.632431081721633e-08,-0.0,-7.632431081721633e-08,8.418113061655033e-09
larger_gap_n5,0.0005,0.6,0.001024318516313182,0.9977791037352556,True,-1.8886015914556339e-07,-0.0,-1.8886015914556339e-07,8.418113061655033e-09
larger_gap_n5,0.0005,0.8,0.001024318516313182,0.9977791037352556,True,-3.427777461216609e-07,-0.0,-3.427777461216609e-07,8.418113061655033e-09
larger_gap_n5,0.0005,1.0,0.001024318516313182,0.9977791037352556,True,-5.38077071745504e-07,-0.0,-5.38077071745504e-07,8.418113061655033e-09
larger_gap_n5,0.001,0.0,0.0011239458252501459,0.9975313800013899,True,1.9079111719447432e-08,-0.0,1.9079111719447432e-08,1.1136081486315115e-08
larger_gap_n5,0.001,0.0001,0.0011239458252501459,0.9975313800013899,True,1.907551651850219e-08,-0.0,1.907551651850219e-08,1.1136081486315115e-08
larger_gap_n5,0.001,0.0005,0.0011239458252501459,0.9975313800013899,True,1.9061033774038985e-08,-0.0,1.9061033774038985e-08,1.1136081486315115e-08
larger_gap_n5,0.001,0.001,0.0011239458252501459,0.9975313800013899,True,1.904270097691427e-08,-0.0,1.904270097691427e-08,1.1136081486315115e-08
larger_gap_n5,0.001,0.002,0.0011239458252501459,0.9975313800013899,True,1.9005270827428585e-08,-0.0,1.9005270827428585e-08,1.1136081486315115e-08
larger_gap_n5,0.001,0.005,0.0011239458252501459,0.9975313800013899,True,1.8886863937302977e-08,-0.0,1.8886863937302977e-08,1.1136081486315115e-08
larger_gap_n5,0.001,0.01,0.0011239458252501459,0.9975313800013899,True,1.8669130981348724e-08,-0.0,1.8669130981348724e-08,1.1136081486315115e-08
larger_gap_n5,0.001,0.02,0.0011239458252501459,0.9975313800013899,True,1.815720954789753e-08,-0.0,1.815720954789753e-08,1.1136081486315115e-08
larger_gap_n5,0.001,0.05,0.0011239458252501459,0.9975313800013899,True,1.6009801075436134e-08,-0.0,1.6009801075436134e-08,1.1136081486315115e-08
larger_gap_n5,0.001,0.1,0.0011239458252501459,0.9975313800013899,True,1.0391973047589315e-08,-0.0,1.0391973047589315e-08,1.1136081486315115e-08
larger_gap_n5,0.001,0.2,0.0011239458252501459,0.9975313800013899,True,-8.489235159638522e-09,-0.0,-8.489235159638522e-09,1.1136081486315115e-08
larger_gap_n5,0.001,0.4,0.0011239458252501459,0.9975313800013899,True,-7.683386018032596e-08,-0.0,-7.683386018032596e-08,1.1136081486315115e-08
larger_gap_n5,0.001,0.6,0.0011239458252501459,0.9975313800013899,True,-1.859547633426168e-07,-0.0,-1.859547633426168e-07,1.1136081486315115e-08
larger_gap_n5,0.001,0.8,0.0011239458252501459,0.9975313800013899,True,-3.358519446465078e-07,-0.0,-3.358519446465078e-07,1.1136081486315115e-08
larger_gap_n5,0.001,1.0,0.0011239458252501459,0.9975313800013899,True,-5.265254040920052e-07,-0.0,-5.265254040920052e-07,1.1136081486315115e-08
larger_gap_n5,0.002,0.0,0.0013187753299416002,0.9970911160534381,True,6.913985120387208e-09,-0.0,6.913985120387208e-09,1.7866779550135815e-08
larger_gap_n5,0.002,0.0001,0.0013187753299416002,0.9970911160534381,True,6.912558388454195e-09,-0.0,6.912558388454195e-09,1.7866779550135815e-08
larger_gap_n5,0.002,0.0005,0.0013187753299416002,0.9970911160534381,True,6.906751632895203e-09,-0.0,6.906751632895203e-09,1.7866779550135815e-08
larger_gap_n5,0.002,0.001,0.0013187753299416002,0.9970911160534381,True,6.899268576048136e-09,-0.0,6.899268576048136e-09,1.7866779550135815e-08
larger_gap_n5,0.002,0.002,0.0013187753299416002,0.9970911160534381,True,6.883553754253872e-09,-0.0,6.883553754253872e-09,1.7866779550135815e-08
larger_gap_n5,0.002,0.005,0.0013187753299416002,0.9970911160534381,True,6.830419624134639e-09,-0.0,6.830419624134639e-09,1.7866779550135815e-08
larger_gap_n5,0.002,0.01,0.0013187753299416002,0.9970911160534381,True,6.721897191626483e-09,-0.0,6.721897191626483e-09,1.7866779550135815e-08
larger_gap_n5,0.002,0.02,0.0013187753299416002,0.9970911160534381,True,6.429981517796822e-09,-0.0,6.429981517796822e-09,1.7866779550135815e-08
larger_gap_n5,0.002,0.05,0.0013187753299416002,0.9970911160534381,True,4.955268025974689e-09,-0.0,4.955268025974689e-09,1.7866779550135815e-08
larger_gap_n5,0.002,0.1,0.0013187753299416002,0.9970911160534381,True,5.008573050284986e-10,-0.0,5.008573050284986e-10,1.7866779550135815e-08
larger_gap_n5,0.002,0.2,0.0013187753299416002,0.9970911160534381,True,-1.5895045016429424e-08,-0.0,-1.5895045016429424e-08,1.7866779550135815e-08
larger_gap_n5,0.002,0.4,0.0013187753299416002,0.9970911160534381,True,-7.86351731776778e-08,-0.0,-7.86351731776778e-08,1.7866779550135815e-08
larger_gap_n5,0.002,0.6,0.0013187753299416002,0.9970911160534381,True,-1.8130639936335338e-07,-0.0,-1.8130639936335338e-07,1.7866779550135815e-08
larger_gap_n5,0.002,0.8,0.0013187753299416002,0.9970911160534381,True,-3.239087235734625e-07,-0.0,-3.239087235734625e-07,1.7866779550135815e-08
larger_gap_n5,0.002,1.0,0.0013187753299416002,0.9970911160534381,True,-5.064421458080083e-07,-0.0,-5.064421458080083e-07,1.7866779550135815e-08
larger_gap_n5,0.005,0.0,0.0018863833977216646,0.9959529664151526,True,-2.848620764288156e-08,-0.0,-2.848620764288156e-08,4.993534762443946e-08
larger_gap_n5,0.005,0.0001,0.0018863833977216646,0.9959529664151526,True,-2.848112696610075e-08,-0.0,-2.848112696610075e-08,4.993534762443946e-08
larger_gap_n5,0.005,0.0005,0.0018863833977216646,0.9959529664151526,True,-2.846090092938611e-08,-0.0,-2.846090092938611e-08,4.993534762443946e-08
larger_gap_n5,0.005,0.001,0.0018863833977216646,0.9959529664151526,True,-2.843583589202256e-08,-0.0,-2.843583589202256e-08,4.993534762443946e-08
larger_gap_n5,0.005,0.002,0.0018863833977216646,0.9959529664151526,True,-2.8386430845675178e-08,-0.0,-2.8386430845675178e-08,4.993534762443946e-08
larger_gap_n5,0.005,0.005,0.0018863833977216646,0.9959529664151526,True,-2.8244015933819413e-08,-0.0,-2.8244015933819413e-08,4.993534762443946e-08
larger_gap_n5,0.005,0.01,0.0018863833977216646,0.9959529664151526,True,-2.8025991837940826e-08,-0.0,-2.8025991837940826e-08,4.993534762443946e-08
larger_gap_n5,0.005,0.02,0.0018863833977216646,0.9959529664151526,True,-2.76624464857158e-08,-0.0,-2.76624464857158e-08,4.993534762443946e-08
larger_gap_n5,0.005,0.05,0.0018863833977216646,0.9959529664151526,True,-2.715183314548162e-08,-0.0,-2.715183314548162e-08,4.993534762443946e-08
larger_gap_n5,0.005,0.1,0.0018863833977216646,0.9959529664151526,True,-2.82342199663614e-08,-0.0,-2.82342199663614e-08,4.993534762443946e-08
larger_gap_n5,0.005,0.2,0.0018863833977216646,0.9959529664151526,True,-3.76492775630535e-08,-0.0,-3.76492775630535e-08,4.993534762443946e-08
larger_gap_n5,0.005,0.4,0.0018863833977216646,0.9959529664151526,True,-8.548052857604715e-08,-0.0,-8.548052857604715e-08,4.993534762443946e-08
larger_gap_n5,0.005,0.6,0.0018863833977216646,0.9959529664151526,True,-1.7197996068187812e-07,-0.0,-1.7197996068187812e-07,4.993534762443946e-08
larger_gap_n5,0.005,0.8,0.0018863833977216646,0.9959529664151526,True,-2.9714757388054583e-07,-0.0,-2.9714757388054583e-07,4.993534762443946e-08
larger_gap_n5,0.005,1.0,0.0018863833977216646,0.9959529664151526,True,-4.6098336817204243e-07,-0.0,-4.6098336817204243e-07,4.993534762443946e-08
larger_gap_n5,0.01,0.0,0.002798269665198138,0.9941667788906079,True,-7.501740407334548e-08,-0.0,-7.501740407334548e-08,1.5298223346052042e-07
larger_gap_n5,0.01,0.0001,0.002798269665198138,0.9941667788906079,True,-7.500363351261255e-08,-0.0,-7.500363351261255e-08,1.5298223346052042e-07
larger_gap_n5,0.01,0.0005,0.002798269665198138,0.9941667788906079,True,-7.494864578639966e-08,-0.0,-7.494864578639966e-08,1.5298223346052042e-07
larger_gap_n5,0.01,0.001,0.002798269665198138,0.9941667788906079,True,-7.488012379138978e-08,-0.0,-7.488012379138978e-08,1.5298223346052042e-07
larger_gap_n5,0.01,0.002,0.002798269665198138,0.9941667788906079,True,-7.474378867711329e-08,-0.0,-7.474378867711329e-08,1.5298223346052042e-07
larger_gap_n5,0.01,0.005,0.002798269665198138,0.9941667788906079,True,-7.434045434029196e-08,-0.0,-7.434045434029196e-08,1.5298223346052042e-07
larger_gap_n5,0.01,0.01,0.002798269665198138,0.9941667788906079,True,-7.368713379898495e-08,-0.0,-7.368713379898495e-08,1.5298223346052042e-07
larger_gap_n5,0.01,0.02,0.002798269665198138,0.9941667788906079,True,-7.245138029157497e-08,-0.0,-7.245138029157497e-08,1.5298223346052042e-07
larger_gap_n5,0.01,0.05,0.002798269665198138,0.9941667788906079,True,-6.93112203711014e-08,-0.0,-6.93112203711014e-08,1.5298223346052042e-07
larger_gap_n5,0.01,0.1,0.002798269665198138,0.9941667788906079,True,-6.59679558427568e-08,-0.0,-6.59679558427568e-08,1.5298223346052042e-07
larger_gap_n5,0.01,0.2,0.002798269665198138,0.9941667788906079,True,-6.637018430778113e-08,-0.0,-6.637018430778113e-08,1.5298223346052042e-07
larger_gap_n5,0.01,0.4,0.002798269665198138,0.9941667788906079,True,-9.552967132462726e-08,-0.0,-9.552967132462726e-08,1.5298223346052042e-07
larger_gap_n5,0.01,0.6,0.002798269665198138,0.9941667788906079,True,-1.6249586512389785e-07,-0.0,-1.6249586512389785e-07,1.5298223346052042e-07
larger_gap_n5,0.01,0.8,0.002798269665198138,0.9941667788906079,True,-2.6726876570558353e-07,-0.0,-2.6726876570558353e-07,1.5298223346052042e-07
larger_gap_n5,0.01,1.0,0.002798269665198138,0.9941667788906079,True,-4.0984837306968647e-07,-0.0,-4.0984837306968647e-07,1.5298223346052042e-07
larger_gap_n5,0.02,0.0,0.004546799065402891,0.9906411712356525,True,-1.3766855934034403e-07,-0.0,-1.3766855934034403e-07,6.184914088635761e-07
larger_gap_n5,0.02,0.0001,0.004546799065402891,0.9906411712356525,True,-1.3764305963424026e-07,-0.0,-1.3764305963424026e-07,6.184914088635761e-07
larger_gap_n5,0.02,0.0005,0.004546799065402891,0.9906411712356525,True,-1.3754115334558282e-07,-0.0,-1.3754115334558282e-07,6.184914088635761e-07
larger_gap_n5,0.02,0.001,0.004546799065402891,0.9906411712356525,True,-1.3741397869018557e-07,-0.0,-1.3741397869018557e-07,6.184914088635761e-07
larger_gap_n5,0.02,0.002,0.004546799065402891,0.9906411712356525,True,-1.3716032339749191e-07,-0.0,-1.3716032339749191e-07,6.184914088635761e-07
larger_gap_n5,0.02,0.005,0.004546799065402891,0.9906411712356525,True,-1.3640490966423476e-07,-0.0,-1.3640490966423476e-07,6.184914088635761e-07
larger_gap_n5,0.02,0.01,0.004546799065402891,0.9906411712356525,True,-1.3516439392482954e-07,-0.0,-1.3516439392482954e-07,6.184914088635761e-07
larger_gap_n5,0.02,0.02,0.004546799065402891,0.9906411712356525,True,-1.327527642561365e-07,-0.0,-1.327527642561365e-07,6.184914088635761e-07
larger_gap_n5,0.02,0.05,0.004546799065402891,0.9906411712356525,True,-1.260730897310365e-07,-0.0,-1.260730897310365e-07,6.184914088635761e-07
larger_gap_n5,0.02,0.1,0.004546799065402891,0.9906411712356525,True,-1.1679101379240684e-07,-0.0,-1.1679101379240684e-07,6.184914088635761e-07
larger_gap_n5,0.02,0.2,0.004546799065402891,0.9906411712356525,True,-1.0516704292719143e-07,-0.0,-1.0516704292719143e-07,6.184914088635761e-07
larger_gap_n5,0.02,0.4,0.004546799065402891,0.9906411712356525,True,-1.0967982524494564e-07,-0.0,-1.0967982524494564e-07,6.184914088635761e-07
larger_gap_n5,0.02,0.6,0.004546799065402891,0.9906411712356525,True,-1.5120690629360403e-07,-0.0,-1.5120690629360403e-07,6.184914088635761e-07
larger_gap_n5,0.02,0.8,0.004546799065402891,0.9906411712356525,True,-2.2974828607316605e-07,-0.0,-2.2974828607316605e-07,6.184914088635761e-07
larger_gap_n5,0.02,1.0,0.004546799065402891,0.9906411712356525,True,-3.453039645836332e-07,-0.0,-3.453039645836332e-07,6.184914088635761e-07
larger_gap_n5,0.05,0.0,0.009548072895516745,0.9801154604754235,True,-2.3588191387201e-07,-0.0,-2.3588191387201e-07,5.4756748772100576e-06
larger_gap_n5,0.05,0.0001,0.009548072895516745,0.9801154604754235,True,-2.3583817568013752e-07,-0.0,-2.3583817568013752e-07,5.4756748772100576e-06
larger_gap_n5,0.05,0.0005,0.009548072895516745,0.9801154604754235,True,-2.3566331237504674e-07,-0.0,-2.3566331237504674e-07,5.4756748772100576e-06
larger_gap_n5,0.05,0.001,0.009548072895516745,0.9801154604754235,True,-2.3544493453402987e-07,-0.0,-2.3544493453402987e-07,5.4756748772100576e-06
larger_gap_n5,0.05,0.002,0.009548072895516745,0.9801154604754235,True,-2.3500884981985843e-07,-0.0,-2.3500884981985843e-07,5.4756748772100576e-06
larger_gap_n5,0.05,0.005,0.009548072895516745,0.9801154604754235,True,-2.3370596342015673e-07,-0.0,-2.3370596342015673e-07,5.4756748772100576e-06
larger_gap_n5,0.05,0.01,0.009548072895516745,0.9801154604754235,True,-2.3155237856339304e-07,-0.0,-2.3155237856339304e-07,5.4756748772100576e-06
larger_gap_n5,0.05,0.02,0.009548072895516745,0.9801154604754235,True,-2.2731230563512837e-07,-0.0,-2.2731230563512837e-07,5.4756748772100576e-06
larger_gap_n5,0.05,0.05,0.009548072895516745,0.9801154604754235,True,-2.1512886113248182e-07,-0.0,-2.1512886113248182e-07,5.4756748772100576e-06
larger_gap_n5,0.05,0.1,0.009548072895516745,0.9801154604754235,True,-1.9661236790185728e-07,-0.0,-1.9661236790185728e-07,5.4756748772100576e-06
larger_gap_n5,0.05,0.2,0.009548072895516745,0.9801154604754235,True,-1.6628905996731127e-07,-0.0,-1.6628905996731127e-07,5.4756748772100576e-06
larger_gap_n5,0.05,0.4,0.009548072895516745,0.9801154604754235,True,-1.3248115820503883e-07,-0.0,-1.3248115820503883e-07,5.4756748772100576e-06
larger_gap_n5,0.05,0.6,0.009548072895516745,0.9801154604754235,True,-1.344582085851901e-07,-0.0,-1.344582085851901e-07,5.4756748772100576e-06
larger_gap_n5,0.05,0.8,0.009548072895516745,0.9801154604754235,True,-1.7222021110776923e-07,-0.0,-1.7222021110776923e-07,5.4756748772100576e-06
larger_gap_n5,0.05,1.0,0.009548072895516745,0.9801154604754235,True,-2.4576716577277394e-07,-0.0,-2.4576716577277394e-07,5.4756748772100576e-06
larger_gap_n5,0.1,0.0,0.01762562371207144,0.9626442824180452,True,-3.037121522417269e-07,-0.0,-3.037121522417269e-07,3.3274868277428316e-05
larger_gap_n5,0.1,0.0001,0.01762562371207144,0.9626442824180452,True,-3.0365601546875984e-07,-0.0,-3.0365601546875984e-07,3.3274868277428316e-05
larger_gap_n5,0.1,0.0005,0.01762562371207144,0.9626442824180452,True,-3.0343155342142423e-07,-0.0,-3.0343155342142423e-07,3.3274868277428316e-05
larger_gap_n5,0.1,0.001,0.01762562371207144,0.9626442824180452,True,-3.0315116721246255e-07,-0.0,-3.0315116721246255e-07,3.3274868277428316e-05
larger_gap_n5,0.1,0.002,0.01762562371207144,0.9626442824180452,True,-3.0259103262856287e-07,-0.0,-3.0259103262856287e-07,3.3274868277428316e-05
larger_gap_n5,0.1,0.005,0.01762562371207144,0.9626442824180452,True,-3.009157315490591e-07,-0.0,-3.009157315490591e-07,3.3274868277428316e-05
larger_gap_n5,0.1,0.01,0.01762562371207144,0.9626442824180452,True,-2.9814057199055056e-07,-0.0,-2.9814057199055056e-07,3.3274868277428316e-05
larger_gap_n5,0.1,0.02,0.01762562371207144,0.9626442824180452,True,-2.926540362760005e-07,-0.0,-2.926540362760005e-07,3.3274868277428316e-05
larger_gap_n5,0.1,0.05,0.01762562371207144,0.9626442824180452,True,-2.76704696352138e-07,-0.0,-2.76704696352138e-07,3.3274868277428316e-05
larger_gap_n5,0.1,0.1,0.01762562371207144,0.9626442824180452,True,-2.518233538783019e-07,-0.0,-2.518233538783019e-07,3.3274868277428316e-05
larger_gap_n5,0.1,0.2,0.01762562371207144,0.9626442824180452,True,-2.0843900917789284e-07,-0.0,-2.0843900917789284e-07,3.3274868277428316e-05
larger_gap_n5,0.1,0.4,0.01762562371207144,0.9626442824180452,True,-1.4718368076612971e-07,-0.0,-1.4718368076612971e-07,3.3274868277428316e-05
larger_gap_n5,0.1,0.6,0.01762562371207144,0.9626442824180452,True,-1.1994616700643693e-07,-0.0,-1.1994616700643693e-07,3.3274868277428316e-05
larger_gap_n5,0.1,0.8,0.01762562371207144,0.9626442824180452,True,-1.2672646789881468e-07,-0.0,-1.2672646789881468e-07,3.3274868277428316e-05
larger_gap_n5,0.1,1.0,0.01762562371207144,0.9626442824180452,True,-1.6752458344326357e-07,-0.0,-1.6752458344326357e-07,3.3274868277428316e-05
larger_gap_n5,0.2,0.0,0.03337700092512914,0.9279687621814998,True,-3.2552966502864097e-07,-0.0,-3.2552966502864097e-07,0.00020886400630379644
larger_gap_n5,0.2,0.0001,0.03337700092512914,0.9279687621814998,True,-3.2546984432729155e-07,-0.0,-3.2546984432729155e-07,0.00020886400630379644
larger_gap_n5,0.2,0.0005,0.03337700092512914,0.9279687621814998,True,-3.252306355824398e-07,-0.0,-3.252306355824398e-07,0.00020886400630379644
larger_gap_n5,0.2,0.001,0.03337700092512914,0.9279687621814998,True,-3.2493179128759894e-07,-0.0,-3.2493179128759894e-07,0.00020886400630379644
larger_gap_n5,0.2,0.002,0.03337700092512914,0.9279687621814998,True,-3.243346581519906e-07,-0.0,-3.243346581519906e-07,0.00020886400630379644
larger_gap_n5,0.2,0.005,0.03337700092512914,0.9279687621814998,True,-3.22547702377763e-07,-0.0,-3.22547702377763e-07,0.00020886400630379644
larger_gap_n5,0.2,0.01,0.03337700092512914,0.9279687621814998,True,-3.1958425486271357e-07,-0.0,-3.1958425486271357e-07,0.00020886400630379644
larger_gap_n5,0.2,0.02,0.03337700092512914,0.9279687621814998,True,-3.1371290524009257e-07,-0.0,-3.1371290524009257e-07,0.00020886400630379644
larger_gap_n5,0.2,0.05,0.03337700092512914,0.9279687621814998,True,-2.9654321963205795e-07,-0.0,-2.9654321963205795e-07,0.00020886400630379644
larger_gap_n5,0.2,0.1,0.03337700092512914,0.9279687621814998,True,-2.694082878180985e-07,-0.0,-2.694082878180985e-07,0.00020886400630379644
larger_gap_n5,0.2,0.2,0.03337700092512914,0.9279687621814998,True,-2.206929649380451e-07,-0.0,-2.206929649380451e-07,0.00020886400630379644
larger_gap_n5,0.2,0.4,0.03337700092512914,0.9279687621814998,True,-1.4548048216940818e-07,-0.0,-1.4548048216940818e-07,0.00020886400630379644
larger_gap_n5,0.2,0.6,0.03337700092512914,0.9279687621814998,True,-9.989221672272947e-08,-0.0,-9.989221672272947e-08,0.00020886400630379644
larger_gap_n5,0.2,0.8,0.03337700092512914,0.9279687621814998,True,-8.39281685980084e-08,-0.0,-8.39281685980084e-08,0.00020886400630379644
larger_gap_n5,0.2,1.0,0.03337700092512914,0.9279687621814998,True,-9.758833779524534e-08,-0.0,-9.758833779524534e-08,0.00020886400630379644
larger_gap_n5,0.4,0.0,0.06329691350474209,0.860050679508113,True,-2.496020868521592e-07,-0.0,-2.496020868521592e-07,0.0011890483007876154
larger_gap_n5,0.4,0.0001,0.06329691350474209,0.860050679508113,True,-2.4955689355770764e-07,-0.0,-2.4955689355770764e-07,0.0011890483007876154
larger_gap_n5,0.4,0.0005,0.06329691350474209,0.860050679508113,True,-2.493761702031595e-07,-0.0,-2.493761702031595e-07,0.0011890483007876154
larger_gap_n5,0.4,0.001,0.06329691350474209,0.860050679508113,True,-2.491503781123016e-07,-0.0,-2.491503781123016e-07,0.0011890483007876154
larger_gap_n5,0.4,0.002,0.06329691350474209,0.860050679508113,True,-2.4869916760501085e-07,-0.0,-2.4869916760501085e-07,0.0011890483007876154
larger_gap_n5,0.4,0.005,0.06329691350474209,0.860050679508113,True,-2.4734852547853147e-07,-0.0,-2.4734852547853147e-07,0.0011890483007876154
larger_gap_n5,0.4,0.01,0.06329691350474209,0.860050679508113,True,-2.451074199190509e-07,-0.0,-2.451074199190509e-07,0.0011890483007876154
larger_gap_n5,0.4,0.02,0.06329691350474209,0.860050679508113,True,-2.406625762425286e-07,-0.0,-2.406625762425286e-07,0.0011890483007876154
larger_gap_n5,0.4,0.05,0.06329691350474209,0.860050679508113,True,-2.276269847524702e-07,-0.0,-2.276269847524702e-07,0.0011890483007876154
larger_gap_n5,0.4,0.1,0.06329691350474209,0.860050679508113,True,-2.0689746406740568e-07,-0.0,-2.0689746406740568e-07,0.0011890483007876154
larger_gap_n5,0.4,0.2,0.06329691350474209,0.860050679508113,True,-1.6917516694114752e-07,-0.0,-1.6917516694114752e-07,0.0011890483007876154
larger_gap_n5,0.4,0.4,0.06329691350474209,0.860050679508113,True,-1.0867754966412195e-07,-0.0,-1.0867754966412195e-07,0.0011890483007876154
larger_gap_n5,0.4,0.6,0.06329691350474209,0.860050679508113,True,-6.810923502108074e-08,-0.0,-6.810923502108074e-08,0.0011890483007876154
larger_gap_n5,0.4,0.8,0.06329691350474209,0.860050679508113,True,-4.74702230120245e-08,-0.0,-4.74702230120245e-08,0.0011890483007876154
larger_gap_n5,0.4,1.0,0.06329691350474209,0.860050679508113,True,-4.6760513636953375e-08,-0.0,-4.6760513636953375e-08,0.0011890483007876154
larger_gap_n5,0.6,0.0,0.08984928434859162,0.7952827212870502,True,-1.5939009603234933e-07,-0.0,-1.5939009603234933e-07,0.002822103369807438
larger_gap_n5,0.6,0.0001,0.08984928434859162,0.7952827212870502,True,-1.5936207362501507e-07,-0.0,-1.5936207362501507e-07,0.002822103369807438
larger_gap_n5,0.6,0.0005,0.08984928434859162,0.7952827212870502,True,-1.5925001351449998e-07,-0.0,-1.5925001351449998e-07,0.002822103369807438
larger_gap_n5,0.6,0.001,0.08984928434859162,0.7952827212870502,True,-1.5911000479370499e-07,-0.0,-1.5911000479370499e-07,0.002822103369807438
larger_gap_n5,0.6,0.002,0.08984928434859162,0.7952827212870502,True,-1.5883020874327704e-07,-0.0,-1.5883020874327704e-07,0.002822103369807438
larger_gap_n5,0.6,0.005,0.08984928434859162,0.7952827212870502,True,-1.5799259172128392e-07,-0.0,-1.5799259172128392e-07,0.002822103369807438
larger_gap_n5,0.6,0.01,0.08984928434859162,0.7952827212870502,True,-1.5660246711560336e-07,-0.0,-1.5660246711560336e-07,0.002822103369807438
larger_gap_n5,0.6,0.02,0.08984928434859162,0.7952827212870502,True,-1.5384435702039762e-07,-0.0,-1.5384435702039762e-07,0.002822103369807438
larger_gap_n5,0.6,0.05,0.08984928434859162,0.7952827212870502,True,-1.4574713966401376e-07,-0.0,-1.4574713966401376e-07,0.002822103369807438
larger_gap_n5,0.6,0.1,0.08984928434859162,0.7952827212870502,True,-1.3284215383415896e-07,-0.0,-1.3284215383415896e-07,0.002822103369807438
larger_gap_n5,0.6,0.2,0.08984928434859162,0.7952827212870502,True,-1.0924609378988789e-07,-0.0,-1.0924609378988789e-07,0.002822103369807438
larger_gap_n5,0.6,0.4,0.08984928434859162,0.7952827212870502,True,-7.090962016310333e-08,-0.0,-7.090962016310333e-08,0.002822103369807438
larger_gap_n5,0.6,0.6,0.08984928434859162,0.7952827212870502,True,-4.438067515199578e-08,-0.0,-4.438067515199578e-08,0.002822103369807438
larger_gap_n5,0.6,0.8,0.08984928434859162,0.7952827212870502,True,-2.9659258756565286e-08,-0.0,-2.9659258756565286e-08,0.002822103369807438
larger_gap_n5,0.6,1.0,0.08984928434859162,0.7952827212870502,True,-2.6745370976811823e-08,-0.0,-2.6745370976811823e-08,0.002822103369807438
larger_gap_n5,0.8,0.0,0.109408311365154,0.7369465928397227,True,-1.0025544739660354e-07,-0.0,-1.0025544739660354e-07,0.004380871338200612
larger_gap_n5,0.8,0.0001,0.109408311365154,0.7369465928397227,True,-1.0023868127243352e-07,-0.0,-1.0023868127243352e-07,0.004380871338200612
larger_gap_n5,0.8,0.0005,0.109408311365154,0.7369465928397227,True,-1.0017163378406023e-07,-0.0,-1.0017163378406023e-07,0.004380871338200612
larger_gap_n5,0.8,0.001,0.109408311365154,0.7369465928397227,True,-1.0008786269228161e-07,-0.0,-1.0008786269228161e-07,0.004380871338200612
larger_gap_n5,0.8,0.002,0.109408311365154,0.7369465928397227,True,-9.992044807101735e-08,-0.0,-9.992044807101735e-08,0.004380871338200612
larger_gap_n5,0.8,0.005,0.109408311365154,0.7369465928397227,True,-9.941922470557407e-08,-0.0,-9.941922470557407e-08,0.004380871338200612
larger_gap_n5,0.8,0.01,0.109408311365154,0.7369465928397227,True,-9.85872540909954e-08,-0.0,-9.85872540909954e-08,0.004380871338200612
larger_gap_n5,0.8,0.02,0.109408311365154,0.7369465928397227,True,-9.693606909119109e-08,-0.0,-9.693606909119109e-08,0.004380871338200612
larger_gap_n5,0.8,0.05,0.109408311365154,0.7369465928397227,True,-9.208456392659634e-08,-0.0,-9.208456392659634e-08,0.004380871338200612
larger_gap_n5,0.8,0.1,0.109408311365154,0.7369465928397227,True,-8.43388881016702e-08,-0.0,-8.43388881016702e-08,0.004380871338200612
larger_gap_n5,0.8,0.2,0.109408311365154,0.7369465928397227,True,-7.01231593870612e-08,-0.0,-7.01231593870612e-08,0.004380871338200612
larger_gap_n5,0.8,0.4,0.109408311365154,0.7369465928397227,True,-4.679419369881538e-08,-0.0,-4.679419369881538e-08,0.004380871338200612
larger_gap_n5,0.8,0.6,0.109408311365154,0.7369465928397227,True,-3.026855033186601e-08,-0.0,-3.026855033186601e-08,0.004380871338200612
larger_gap_n5,0.8,0.8,0.109408311365154,0.7369465928397227,True,-2.054622928621326e-08,-0.0,-2.054622928621326e-08,0.004380871338200612
larger_gap_n5,0.8,1.0,0.109408311365154,0.7369465928397227,True,-1.7627230561856876e-08,-0.0,-1.7627230561856876e-08,0.004380871338200612
larger_gap_n5,1.0,0.0,0.1116274833358257,0.6942646489534916,True,-8.972548962926379e-08,-0.0,-8.972548962926379e-08,0.004854306937809353
larger_gap_n5,1.0,0.0001,0.1116274833358257,0.6942646489534916,True,-8.971077755449465e-08,-0.0,-8.971077755449465e-08,0.004854306937809353
larger_gap_n5,1.0,0.0005,0.1116274833358257,0.6942646489534916,True,-8.965194387898644e-08,-0.0,-8.965194387898644e-08,0.004854306937809353
larger_gap_n5,1.0,0.001,0.1116274833358257,0.6942646489534916,True,-8.957843468763291e-08,-0.0,-8.957843468763291e-08,0.004854306937809353
larger_gap_n5,1.0,0.002,0.1116274833358257,0.6942646489534916,True,-8.943152598169904e-08,-0.0,-8.943152598169904e-08,0.004854306937809353
larger_gap_n5,1.0,0.005,0.1116274833358257,0.6942646489534916,True,-8.899167727807668e-08,-0.0,-8.899167727807668e-08,0.004854306937809353
larger_gap_n5,1.0,0.01,0.1116274833358257,0.6942646489534916,True,-8.82615208193076e-08,-0.0,-8.82615208193076e-08,0.004854306937809353
larger_gap_n5,1.0,0.02,0.1116274833358257,0.6942646489534916,True,-8.681217557902555e-08,-0.0,-8.681217557902555e-08,0.004854306937809353
larger_gap_n5,1.0,0.05,0.1116274833358257,0.6942646489534916,True,-8.25518812762264e-08,-0.0,-8.25518812762264e-08,0.004854306937809353
larger_gap_n5,1.0,0.1,0.1116274833358257,0.6942646489534916,True,-7.57438621650481e-08,-0.0,-7.57438621650481e-08,0.004854306937809353
larger_gap_n5,1.0,0.2,0.1116274833358257,0.6942646489534916,True,-6.322459166827024e-08,-0.0,-6.322459166827024e-08,0.004854306937809353
larger_gap_n5,1.0,0.4,0.1116274833358257,0.6942646489534916,True,-4.257312157702835e-08,-0.0,-4.257312157702835e-08,0.004854306937809353
larger_gap_n5,1.0,0.6,0.1116274833358257,0.6942646489534916,True,-2.7771079355538876e-08,-0.0,-2.7771079355538876e-08,0.004854306937809353
larger_gap_n5,1.0,0.8,0.1116274833358257,0.6942646489534916,True,-1.881846500380123e-08,-0.0,-1.881846500380123e-08,0.004854306937809353
larger_gap_n5,1.0,1.0,0.1116274833358257,0.6942646489534916,True,-1.5715278521815605e-08,-0.0,-1.5715278521815605e-08,0.004854306937809353
larger_gap_n6,0.0,0.0,0.0021052631578946657,0.9978947368421054,True,0.5256688351489149,-0.0,0.5256688351489149,9.271998811203054e-09
larger_gap_n6,0.0,0.0001,0.0021052631578946657,0.9978947368421054,True,0.5255637066387102,-0.0,0.5255637066387102,9.271998811203054e-09
larger_gap_n6,0.0,0.0005,0.0021052631578946657,0.9978947368421054,True,0.5251432977311534,-0.0,0.5251432977311534,9.271998811203054e-09
larger_gap_n6,0.0,0.001,0.0021052631578946657,0.9978947368421054,True,0.5246180231477275,-0.0,0.5246180231477275,9.271998811203054e-09
larger_gap_n6,0.0,0.002,0.0021052631578946657,0.9978947368421054,True,0.5235682624832929,-0.0,0.5235682624832929,9.271998811203054e-09
larger_gap_n6,0.0,0.005,0.0021052631578946657,0.9978947368421054,True,0.5204252885177887,-0.0,0.5204252885177887,9.271998811203054e-09
larger_gap_n6,0.0,0.01,0.0021052631578946657,0.9978947368421054,True,0.515208025329212,-0.0,0.515208025329212,9.271998811203054e-09
larger_gap_n6,0.0,0.02,0.0021052631578946657,0.9978947368421054,True,0.5048523492767529,-0.0,0.5048523492767529,9.271998811203054e-09
larger_gap_n6,0.0,0.05,0.0021052631578946657,0.9978947368421054,True,0.4744161237215927,-0.0,0.4744161237215927,9.271998811203054e-09
larger_gap_n6,0.0,0.1,0.0021052631578946657,0.9978947368421054,True,0.4257917564705824,-0.0,0.4257917564705824,9.271998811203054e-09
larger_gap_n6,0.0,0.2,0.0021052631578946657,0.9978947368421054,True,0.33642805449555624,-0.0,0.33642805449555624,9.271998811203054e-09
larger_gap_n6,0.0,0.4,0.0021052631578946657,0.9978947368421054,True,0.18924078065355054,-0.0,0.18924078065355054,9.271998811203054e-09
larger_gap_n6,0.0,0.6,0.0021052631578946657,0.9978947368421054,True,0.08410701362388906,-0.0,0.08410701362388906,9.271998811203054e-09
larger_gap_n6,0.0,0.8,0.0021052631578946657,0.9978947368421054,True,0.021026753405966825,-0.0,0.021026753405966825,9.271998811203054e-09
larger_gap_n6,0.0,1.0,0.0021052631578946657,0.9978947368421054,True,nan,nan,nan,nan
larger_gap_n6,0.0001,0.0,0.002120410864744569,0.9978973841114287,True,0.4918866074727486,-0.0,0.4918866074727486,9.725573877314686e-09
larger_gap_n6,0.0001,0.0001,0.002120410864744569,0.9978973841114287,True,0.4917882350698797,-0.0,0.4917882350698797,9.725573877314686e-09
larger_gap_n6,0.0001,0.0005,0.002120410864744569,0.9978973841114287,True,0.4913948438367264,-0.0,0.4913948438367264,9.725573877314686e-09
larger_gap_n6,0.0001,0.001,0.002120410864744569,0.9978973841114287,True,0.49090332614432164,-0.0,0.49090332614432164,9.725573877314686e-09
larger_gap_n6,0.0001,0.002,0.002120410864744569,0.9978973841114287,True,0.48992102858890263,-0.0,0.48992102858890263,9.725573877314686e-09
larger_gap_n6,0.0001,0.005,0.002120410864744569,0.9978973841114287,True,0.48698003856286043,-0.0,0.48698003856286043,9.725573877314686e-09
larger_gap_n6,0.0001,0.01,0.002120410864744569,0.9978973841114287,True,0.482098063984024,-0.0,0.482098063984024,9.725573877314686e-09
larger_gap_n6,0.0001,0.02,0.002120410864744569,0.9978973841114287,True,0.47240789781652737,-0.0,0.47240789781652737,9.725573877314686e-09
larger_gap_n6,0.0001,0.05,0.002120410864744569,0.9978973841114287,True,0.44392766324416755,-0.0,0.44392766324416755,9.725573877314686e-09
larger_gap_n6,0.0001,0.1,0.002120410864744569,0.9978973841114287,True,0.3984281520528441,-0.0,0.3984281520528441,9.725573877314686e-09
larger_gap_n6,0.0001,0.2,0.002120410864744569,0.9978973841114287,True,0.31480742878248513,-0.0,0.31480742878248513,9.725573877314686e-09
larger_gap_n6,0.0001,0.4,0.002120410864744569,0.9978973841114287,True,0.17707917869007694,-0.0,0.17707917869007694,9.725573877314686e-09
larger_gap_n6,0.0001,0.6,0.002120410864744569,0.9978973841114287,True,0.07870185719562128,-0.0,0.07870185719562128,9.725573877314686e-09
larger_gap_n6,0.0001,0.8,0.002120410864744569,0.9978973841114287,True,0.01967546429890288,-0.0,0.01967546429890288,9.725573877314686e-09
larger_gap_n6,0.0001,1.0,0.002120410864744569,0.9978973841114287,True,nan,nan,nan,nan
larger_gap_n6,0.0005,0.0,0.002180999474782724,0.9979079746589553,True,0.3583963038007507,-0.0,0.3583963038007507,1.163898728926189e-08
larger_gap_n6,0.0005,0.0001,0.002180999474782724,0.9979079746589553,True,0.35832462812414434,-0.0,0.35832462812414434,1.163898728926189e-08
larger_gap_n6,0.0005,0.0005,0.002180999474782724,0.9979079746589553,True,0.35803799709598216,-0.0,0.35803799709598216,1.163898728926189e-08
larger_gap_n6,0.0005,0.001,0.002180999474782724,0.9979079746589553,True,0.35767986958961373,-0.0,0.35767986958961373,1.163898728926189e-08
larger_gap_n6,0.0005,0.002,0.002180999474782724,0.9979079746589553,True,0.3569641521710434,-0.0,0.3569641521710434,1.163898728926189e-08
larger_gap_n6,0.0005,0.005,0.002180999474782724,0.9979079746589553,True,0.3548213006705154,-0.0,0.3548213006705154,1.163898728926189e-08
larger_gap_n6,0.0005,0.01,0.002180999474782724,0.9979079746589553,True,0.351264217355471,-0.0,0.351264217355471,1.163898728926189e-08
larger_gap_n6,0.0005,0.02,0.002180999474782724,0.9979079746589553,True,0.34420381017047674,-0.0,0.34420381017047674,1.163898728926189e-08
larger_gap_n6,0.0005,0.05,0.002180999474782724,0.9979079746589553,True,0.3234526641805502,-0.0,0.3234526641805502,1.163898728926189e-08
larger_gap_n6,0.0005,0.1,0.002180999474782724,0.9979079746589553,True,0.2903010060786251,-0.0,0.2903010060786251,1.163898728926189e-08
larger_gap_n6,0.0005,0.2,0.002180999474782724,0.9979079746589553,True,0.22937363443258363,-0.0,0.22937363443258363,1.163898728926189e-08
larger_gap_n6,0.0005,0.4,0.002180999474782724,0.9979079746589553,True,0.12902266936840867,-0.0,0.12902266936840867,1.163898728926189e-08
larger_gap_n6,0.0005,0.6,0.002180999474782724,0.9979079746589553,True,0.05734340860814591,-0.0,0.05734340860814591,1.163898728926189e-08
larger_gap_n6,0.0005,0.8,0.002180999474782724,0.9979079746589553,True,0.01433585215204125,-0.0,0.01433585215204125,1.163898728926189e-08
larger_gap_n6,0.0005,1.0,0.002180999474782724,0.9979079746589553,True,nan,nan,nan,nan
larger_gap_n6,0.001,0.0,0.0022567302448113667,0.9979212161526125,True,0.1962457904794377,-0.0,0.1962457904794377,1.4250332075191467e-08
larger_gap_n6,0.001,0.0001,0.0022567302448113667,0.9979212161526125,True,0.19620654328379672,-0.0,0.19620654328379672,1.4250332075191467e-08
larger_gap_n6,0.001,0.0005,0.0022567302448113667,0.9979212161526125,True,0.19604959375037545,-0.0,0.19604959375037545,1.4250332075191467e-08
larger_gap_n6,0.001,0.001,0.0022567302448113667,0.9979212161526125,True,0.19585349514458095,-0.0,0.19585349514458095,1.4250332075191467e-08
larger_gap_n6,0.001,0.002,0.0022567302448113667,0.9979212161526125,True,0.19546159230059956,-0.0,0.19546159230059956,1.4250332075191467e-08
larger_gap_n6,0.001,0.005,0.0022567302448113667,0.9979212161526125,True,0.19428823871928635,-0.0,0.19428823871928635,1.4250332075191467e-08
larger_gap_n6,0.001,0.01,0.0022567302448113667,0.9979212161526125,True,0.19234049924921592,-0.0,0.19234049924921592,1.4250332075191467e-08
larger_gap_n6,0.001,0.02,0.0022567302448113667,0.9979212161526125,True,0.18847445717644007,-0.0,0.18847445717644007,1.4250332075191467e-08
larger_gap_n6,0.001,0.05,0.0022567302448113667,0.9979212161526125,True,0.17711182590761787,-0.0,0.17711182590761787,1.4250332075191467e-08
larger_gap_n6,0.001,0.1,0.0022567302448113667,0.9979212161526125,True,0.15895909028837352,-0.0,0.15895909028837352,1.4250332075191467e-08
larger_gap_n6,0.001,0.2,0.0022567302448113667,0.9979212161526125,True,0.12559730590697704,-0.0,0.12559730590697704,1.4250332075191467e-08
larger_gap_n6,0.001,0.4,0.0022567302448113667,0.9979212161526125,True,0.07064848457265338,-0.0,0.07064848457265338,1.4250332075191467e-08
larger_gap_n6,0.001,0.6,0.0022567302448113667,0.9979212161526125,True,0.03139932647674426,-0.0,0.03139932647674426,1.4250332075191467e-08
larger_gap_n6,0.001,0.8,0.0022567302448113667,0.9979212161526125,True,0.007849831619188063,-0.0,0.007849831619188063,1.4250332075191467e-08
larger_gap_n6,0.001,1.0,0.0022567302448113667,0.9979212161526125,True,nan,nan,nan,nan
larger_gap_n6,0.002,0.0,0.0024081751212129353,0.9979477101785003,True,-0.10941281799600766,-0.0,-0.10941281799600766,2.0183279116085894e-08
larger_gap_n6,0.002,0.0001,0.0024081751212129353,0.9979477101785003,True,-0.10939093652646825,-0.0,-0.10939093652646825,2.0183279116085894e-08
larger_gap_n6,0.002,0.0005,0.0024081751212129353,0.9979477101785003,True,-0.10930343253130559,-0.0,-0.10930343253130559,2.0183279116085894e-08
larger_gap_n6,0.002,0.001,0.0024081751212129353,0.9979477101785003,True,-0.10919410177293187,-0.0,-0.10919410177293187,2.0183279116085894e-08
larger_gap_n6,0.002,0.002,0.0024081751212129353,0.9979477101785003,True,-0.10897560437526543,-0.0,-0.10897560437526543,2.0183279116085894e-08
larger_gap_n6,0.002,0.005,0.0024081751212129353,0.9979477101785003,True,-0.10832142513659981,-0.0,-0.10832142513659981,2.0183279116085894e-08
larger_gap_n6,0.002,0.01,0.0024081751212129353,0.9979477101785003,True,-0.10723550291779915,-0.0,-0.10723550291779915,2.0183279116085894e-08
larger_gap_n6,0.002,0.02,0.0024081751212129353,0.9979477101785003,True,-0.10508007040341738,-0.0,-0.10508007040341738,2.0183279116085894e-08
larger_gap_n6,0.002,0.05,0.0024081751212129353,0.9979477101785003,True,-0.09874506824134954,-0.0,-0.09874506824134954,2.0183279116085894e-08
larger_gap_n6,0.002,0.1,0.0024081751212129353,0.9979477101785003,True,-0.08862438257675187,-0.0,-0.08862438257675187,2.0183279116085894e-08
larger_gap_n6,0.002,0.2,0.0024081751212129353,0.9979477101785003,True,-0.0700242035175318,-0.0,-0.0700242035175318,2.0183279116085894e-08
larger_gap_n6,0.002,0.4,0.0024081751212129353,0.9979477101785003,True,-0.0393886144785629,-0.0,-0.0393886144785629,2.0183279116085894e-08
larger_gap_n6,0.002,0.6,0.0024081751212129353,0.9979477101785003,True,-0.01750605087938295,-0.0,-0.01750605087938295,2.0183279116085894e-08
larger_gap_n6,0.002,0.8,0.0024081751212129353,0.9979477101785003,True,-0.004376512719837411,-0.0,-0.004376512719837411,2.0183279116085894e-08
larger_gap_n6,0.002,1.0,0.0024081751212129353,0.9979477101785003,True,nan,nan,nan,nan
larger_gap_n6,0.005,0.0,0.0028623760243384412,0.9980272807118068,True,-0.8814006195049782,-0.0,-0.8814006195049782,4.3255101582926825e-08
larger_gap_n6,0.005,0.0001,0.0028623760243384412,0.9980272807118068,True,-0.8812243481951665,-0.0,-0.8812243481951665,4.3255101582926825e-08
larger_gap_n6,0.005,0.0005,0.0028623760243384412,0.9980272807118068,True,-0.8805194392356821,-0.0,-0.8805194392356821,4.3255101582926825e-08
larger_gap_n6,0.005,0.001,0.0028623760243384412,0.9980272807118068,True,-0.8796386996666765,-0.0,-0.8796386996666765,4.3255101582926825e-08
larger_gap_n6,0.005,0.002,0.0028623760243384412,0.9980272807118068,True,-0.8778785426294569,-0.0,-0.8778785426294569,4.3255101582926825e-08
larger_gap_n6,0.005,0.005,0.0028623760243384412,0.9980272807118068,True,-0.8726086483254676,-0.0,-0.8726086483254676,4.3255101582926825e-08
larger_gap_n6,0.005,0.01,0.0028623760243384412,0.9980272807118068,True,-0.8638607471769202,-0.0,-0.8638607471769202,4.3255101582926825e-08
larger_gap_n6,0.005,0.02,0.0028623760243384412,0.9980272807118068,True,-0.8464971549726386,-0.0,-0.8464971549726386,4.3255101582926825e-08
larger_gap_n6,0.005,0.05,0.0028623760243384412,0.9980272807118068,True,-0.7954640591033453,-0.0,-0.7954640591033453,4.3255101582926825e-08
larger_gap_n6,0.005,0.1,0.0028623760243384412,0.9980272807118068,True,-0.7139345017990699,-0.0,-0.7139345017990699,4.3255101582926825e-08
larger_gap_n6,0.005,0.2,0.0028623760243384412,0.9980272807118068,True,-0.5640963964831656,-0.0,-0.5640963964831656,4.3255101582926825e-08
larger_gap_n6,0.005,0.4,0.0028623760243384412,0.9980272807118068,True,-0.31730422302181704,-0.0,-0.31730422302181704,4.3255101582926825e-08
larger_gap_n6,0.005,0.6,0.0028623760243384412,0.9980272807118068,True,-0.1410240991207914,-0.0,-0.1410240991207914,4.3255101582926825e-08
larger_gap_n6,0.005,0.8,0.0028623760243384412,0.9980272807118068,True,-0.03525602478019818,-0.0,-0.03525602478019818,4.3255101582926825e-08
larger_gap_n6,0.005,1.0,0.0028623760243384412,0.9980272807118068,True,nan,nan,nan,nan
larger_gap_n6,0.01,0.0,0.003618928978448777,0.9981601941032093,True,-1.8219531737399475,-0.0,-1.8219531737399475,9.65768671752443e-08
larger_gap_n6,0.01,0.0001,0.003618928978448777,0.9981601941032093,True,-1.821588801324694,-0.0,-1.821588801324694,9.65768671752443e-08
larger_gap_n6,0.01,0.0005,0.003618928978448777,0.9981601941032093,True,-1.8201316760544568,-0.0,-1.8201316760544568,9.65768671752443e-08
larger_gap_n6,0.01,0.001,0.003618928978448777,0.9981601941032093,True,-1.81831108934559,-0.0,-1.81831108934559,9.65768671752443e-08
larger_gap_n6,0.01,0.002,0.003618928978448777,0.9981601941032093,True,-1.8146726488576164,-0.0,-1.8146726488576164,9.65768671752443e-08
larger_gap_n6,0.01,0.005,0.003618928978448777,0.9981601941032093,True,-1.80377919083179,-0.0,-1.80377919083179,9.65768671752443e-08
larger_gap_n6,0.01,0.01,0.003618928978448777,0.9981601941032093,True,-1.785696305582432,-0.0,-1.785696305582432,9.65768671752443e-08
larger_gap_n6,0.01,0.02,0.003618928978448777,0.9981601941032093,True,-1.749803828059834,-0.0,-1.749803828059834,9.65768671752443e-08
larger_gap_n6,0.01,0.05,0.003618928978448777,0.9981601941032093,True,-1.6443127393002772,-0.0,-1.6443127393002772,9.65768671752443e-08
larger_gap_n6,0.01,0.1,0.003618928978448777,0.9981601941032093,True,-1.475782070729343,-0.0,-1.475782070729343,9.65768671752443e-08
larger_gap_n6,0.01,0.2,0.003618928978448777,0.9981601941032093,True,-1.1660500311935031,-0.0,-1.1660500311935031,9.65768671752443e-08
larger_gap_n6,0.01,0.4,0.003618928978448777,0.9981601941032093,True,-0.6559031425463582,-0.0,-0.6559031425463582,9.65768671752443e-08
larger_gap_n6,0.01,0.6,0.003618928978448777,0.9981601941032093,True,-0.2915125077983758,-0.0,-0.2915125077983758,9.65768671752443e-08
larger_gap_n6,0.01,0.8,0.003618928978448777,0.9981601941032093,True,-0.07287812694959356,-0.0,-0.07287812694959356,9.65768671752443e-08
larger_gap_n6,0.01,1.0,0.003618928978448777,0.9981601941032093,True,nan,nan,nan,nan
larger_gap_n6,0.02,0.0,0.005130331556017986,0.9984271377008263,True,-3.0417173001800126,-0.0,-3.0417173001800126,2.389576199930845e-07
larger_gap_n6,0.02,0.0001,0.005130331556017986,0.9984271377008263,True,-3.0411089871371395,-0.0,-3.0411089871371395,2.389576199930845e-07
larger_gap_n6,0.02,0.0005,0.005130331556017986,0.9984271377008263,True,-3.038676343309165,-0.0,-3.038676343309165,2.389576199930845e-07
larger_gap_n6,0.02,0.001,0.005130331556017986,0.9984271377008263,True,-3.0356369072969844,-0.0,-3.0356369072969844,2.389576199930845e-07
larger_gap_n6,0.02,0.002,0.005130331556017986,0.9984271377008263,True,-3.0295625978485496,-0.0,-3.0295625978485496,2.389576199930845e-07
larger_gap_n6,0.02,0.005,0.005130331556017986,0.9984271377008263,True,-3.011376170110738,-0.0,-3.011376170110738,2.389576199930845e-07
larger_gap_n6,0.02,0.01,0.005130331556017986,0.9984271377008263,True,-2.9811871259064304,-0.0,-2.9811871259064304,2.389576199930845e-07
larger_gap_n6,0.02,0.02,0.005130331556017986,0.9984271377008263,True,-2.9212652950929137,-0.0,-2.9212652950929137,2.389576199930845e-07
larger_gap_n6,0.02,0.05,0.005130331556017986,0.9984271377008263,True,-2.7451498634123954,-0.0,-2.7451498634123954,2.389576199930845e-07
larger_gap_n6,0.02,0.1,0.005130331556017986,0.9984271377008263,True,-2.4637910131458263,-0.0,-2.4637910131458263,2.389576199930845e-07
larger_gap_n6,0.02,0.2,0.005130331556017986,0.9984271377008263,True,-1.9466990721151936,-0.0,-1.9466990721151936,2.389576199930845e-07
larger_gap_n6,0.02,0.4,0.005130331556017986,0.9984271377008263,True,-1.095018228064803,-0.0,-1.095018228064803,2.389576199930845e-07
larger_gap_n6,0.02,0.6,0.005130331556017986,0.9984271377008263,True,-0.4866747680287984,-0.0,-0.4866747680287984,2.389576199930845e-07
larger_gap_n6,0.02,0.8,0.005130331556017986,0.9984271377008263,True,-0.12166869200720071,-0.0,-0.12166869200720071,2.389576199930845e-07
larger_gap_n6,0.02,1.0,0.005130331556017986,0.9984271377008263,True,nan,nan,nan,nan
larger_gap_n6,0.05,0.0,0.009650472572864876,0.9992370542946096,True,-4.887994722003587,-0.0,-4.887994722003587,5.660241376095761e-07
larger_gap_n6,0.05,0.0001,0.009650472572864876,0.9992370542946096,True,-4.887017171939172,-0.0,-4.887017171939172,5.660241376095761e-07
larger_gap_n6,0.05,0.0005,0.009650472572864876,0.9992370542946096,True,-4.883107949280298,-0.0,-4.883107949280298,5.660241376095761e-07
larger_gap_n6,0.05,0.001,0.009650472572864876,0.9992370542946096,True,-4.878223620554344,-0.0,-4.878223620554344,5.660241376095761e-07
larger_gap_n6,0.05,0.002,0.009650472572864876,0.9992370542946096,True,-4.8684622950944405,-0.0,-4.8684622950944405,5.660241376095761e-07
larger_gap_n6,0.05,0.005,0.009650472572864876,0.9992370542946096,True,-4.839236974651595,-0.0,-4.839236974651595,5.660241376095761e-07
larger_gap_n6,0.05,0.01,0.009650472572864876,0.9992370542946096,True,-4.790723627035719,-0.0,-4.790723627035719,5.660241376095761e-07
larger_gap_n6,0.05,0.02,0.009650472572864876,0.9992370542946096,True,-4.694430131012247,-0.0,-4.694430131012247,5.660241376095761e-07
larger_gap_n6,0.05,0.05,0.009650472572864876,0.9992370542946096,True,-4.41141523660823,-0.0,-4.41141523660823,5.660241376095761e-07
larger_gap_n6,0.05,0.1,0.009650472572864876,0.9992370542946096,True,-3.959275724822935,-0.0,-3.959275724822935,5.660241376095761e-07
larger_gap_n6,0.05,0.2,0.009650472572864876,0.9992370542946096,True,-3.128316622082309,-0.0,-3.128316622082309,5.660241376095761e-07
larger_gap_n6,0.05,0.4,0.009650472572864876,0.9992370542946096,True,-1.7596780999212962,-0.0,-1.7596780999212962,5.660241376095761e-07
larger_gap_n6,0.05,0.6,0.009650472572864876,0.9992370542946096,True,-0.7820791555205773,-0.0,-0.7820791555205773,5.660241376095761e-07
larger_gap_n6,0.05,0.8,0.009650472572864876,0.9992370542946096,True,-0.1955197888801441,-0.0,-0.1955197888801441,5.660241376095761e-07
larger_gap_n6,0.05,1.0,0.009650472572864876,0.9992370542946096,True,nan,nan,nan,nan
larger_gap_n6,0.1,0.0,0.01713400869909504,1.0006182464875137,False,nan,nan,nan,nan
larger_gap_n6,0.1,0.0001,0.01713400869909504,1.0006182464875137,False,nan,nan,nan,nan
larger_gap_n6,0.1,0.0005,0.01713400869909504,1.0006182464875137,False,nan,nan,nan,nan
larger_gap_n6,0.1,0.001,0.01713400869909504,1.0006182464875137,False,nan,nan,nan,nan
larger_gap_n6,0.1,0.002,0.01713400869909504,1.0006182464875137,False,nan,nan,nan,nan
larger_gap_n6,0.1,0.005,0.01713400869909504,1.0006182464875137,False,nan,nan,nan,nan
larger_gap_n6,0.1,0.01,0.01713400869909504,1.0006182464875137,False,nan,nan,nan,nan
larger_gap_n6,0.1,0.02,0.01713400869909504,1.0006182464875137,False,nan,nan,nan,nan
larger_gap_n6,0.1,0.05,0.01713400869909504,1.0006182464875137,False,nan,nan,nan,nan
larger_gap_n6,0.1,0.1,0.01713400869909504,1.0006182464875137,False,nan,nan,nan,nan
larger_gap_n6,0.1,0.2,0.01713400869909504,1.0006182464875137,False,nan,nan,nan,nan
larger_gap_n6,0.1,0.4,0.01713400869909504,1.0006182464875137,False,nan,nan,nan,nan
larger_gap_n6,0.1,0.6,0.01713400869909504,1.0006182464875137,False,nan,nan,nan,nan
larger_gap_n6,0.1,0.8,0.01713400869909504,1.0006182464875137,False,nan,nan,nan,nan
larger_gap_n6,0.1,1.0,0.01713400869909504,1.0006182464875137,False,nan,nan,nan,nan
larger_gap_n6,0.2,0.0,0.03188625448576232,1.0035065539280352,False,nan,nan,nan,nan
larger_gap_n6,0.2,0.0001,0.03188625448576232,1.0035065539280352,False,nan,nan,nan,nan
larger_gap_n6,0.2,0.0005,0.03188625448576232,1.0035065539280352,False,nan,nan,nan,nan
larger_gap_n6,0.2,0.001,0.03188625448576232,1.0035065539280352,False,nan,nan,nan,nan
larger_gap_n6,0.2,0.002,0.03188625448576232,1.0035065539280352,False,nan,nan,nan,nan
larger_gap_n6,0.2,0.005,0.03188625448576232,1.0035065539280352,False,nan,nan,nan,nan
larger_gap_n6,0.2,0.01,0.03188625448576232,1.0035065539280352,False,nan,nan,nan,nan
larger_gap_n6,0.2,0.02,0.03188625448576232,1.0035065539280352,False,nan,nan,nan,nan
larger_gap_n6,0.2,0.05,0.03188625448576232,1.0035065539280352,False,nan,nan,nan,nan
larger_gap_n6,0.2,0.1,0.03188625448576232,1.0035065539280352,False,nan,nan,nan,nan
larger_gap_n6,0.2,0.2,0.03188625448576232,1.0035065539280352,False,nan,nan,nan,nan
larger_gap_n6,0.2,0.4,0.03188625448576232,1.0035065539280352,False,nan,nan,nan,nan
larger_gap_n6,0.2,0.6,0.03188625448576232,1.0035065539280352,False,nan,nan,nan,nan
larger_gap_n6,0.2,0.8,0.03188625448576232,1.0035065539280352,False,nan,nan,nan,nan
larger_gap_n6,0.2,1.0,0.03188625448576232,1.0035065539280352,False,nan,nan,nan,nan
larger_gap_n6,0.4,0.0,0.06024247863000531,1.0098631813319658,False,nan,nan,nan,nan
larger_gap_n6,0.4,0.0001,0.06024247863000531,1.0098631813319658,False,nan,nan,nan,nan
larger_gap_n6,0.4,0.0005,0.06024247863000531,1.0098631813319658,False,nan,nan,nan,nan
larger_gap_n6,0.4,0.001,0.06024247863000531,1.0098631813319658,False,nan,nan,nan,nan
larger_gap_n6,0.4,0.002,0.06024247863000531,1.0098631813319658,False,nan,nan,nan,nan
larger_gap_n6,0.4,0.005,0.06024247863000531,1.0098631813319658,False,nan,nan,nan,nan
larger_gap_n6,0.4,0.01,0.06024247863000531,1.0098631813319658,False,nan,nan,nan,nan
larger_gap_n6,0.4,0.02,0.06024247863000531,1.0098631813319658,False,nan,nan,nan,nan
larger_gap_n6,0.4,0.05,0.06024247863000531,1.0098631813319658,False,nan,nan,nan,nan
larger_gap_n6,0.4,0.1,0.06024247863000531,1.0098631813319658,False,nan,nan,nan,nan
larger_gap_n6,0.4,0.2,0.06024247863000531,1.0098631813319658,False,nan,nan,nan,nan
larger_gap_n6,0.4,0.4,0.06024247863000531,1.0098631813319658,False,nan,nan,nan,nan
larger_gap_n6,0.4,0.6,0.06024247863000531,1.0098631813319658,False,nan,nan,nan,nan
larger_gap_n6,0.4,0.8,0.06024247863000531,1.0098631813319658,False,nan,nan,nan,nan
larger_gap_n6,0.4,1.0,0.06024247863000531,1.0098631813319658,False,nan,nan,nan,nan
larger_gap_n6,0.6,0.0,0.0861623316326091,1.0171761746500034,False,nan,nan,nan,nan
larger_gap_n6,0.6,0.0001,0.0861623316326091,1.0171761746500034,False,nan,nan,nan,nan
larger_gap_n6,0.6,0.0005,0.0861623316326091,1.0171761746500034,False,nan,nan,nan,nan
larger_gap_n6,0.6,0.001,0.0861623316326091,1.0171761746500034,False,nan,nan,nan,nan
larger_gap_n6,0.6,0.002,0.0861623316326091,1.0171761746500034,False,nan,nan,nan,nan
larger_gap_n6,0.6,0.005,0.0861623316326091,1.0171761746500034,False,nan,nan,nan,nan
larger_gap_n6,0.6,0.01,0.0861623316326091,1.0171761746500034,False,nan,nan,nan,nan
larger_gap_n6,0.6,0.02,0.0861623316326091,1.0171761746500034,False,nan,nan,nan,nan
larger_gap_n6,0.6,0.05,0.0861623316326091,1.0171761746500034,False,nan,nan,nan,nan
larger_gap_n6,0.6,0.1,0.0861623316326091,1.0171761746500034,False,nan,nan,nan,nan
larger_gap_n6,0.6,0.2,0.0861623316326091,1.0171761746500034,False,nan,nan,nan,nan
larger_gap_n6,0.6,0.4,0.0861623316326091,1.0171761746500034,False,nan,nan,nan,nan
larger_gap_n6,0.6,0.6,0.0861623316326091,1.0171761746500034,False,nan,nan,nan,nan
larger_gap_n6,0.6,0.8,0.0861623316326091,1.0171761746500034,False,nan,nan,nan,nan
larger_gap_n6,0.6,1.0,0.0861623316326091,1.0171761746500034,False,nan,nan,nan,nan
larger_gap_n6,0.8,0.0,0.10744352938473879,1.0257447884664308,False,nan,nan,nan,nan
larger_gap_n6,0.8,0.0001,0.10744352938473879,1.0257447884664308,False,nan,nan,nan,nan
larger_gap_n6,0.8,0.0005,0.10744352938473879,1.0257447884664308,False,nan,nan,nan,nan
larger_gap_n6,0.8,0.001,0.10744352938473879,1.0257447884664308,False,nan,nan,nan,nan
larger_gap_n6,0.8,0.002,0.10744352938473879,1.0257447884664308,False,nan,nan,nan,nan
larger_gap_n6,0.8,0.005,0.10744352938473879,1.0257447884664308,False,nan,nan,nan,nan
larger_gap_n6,0.8,0.01,0.10744352938473879,1.0257447884664308,False,nan,nan,nan,nan
larger_gap_n6,0.8,0.02,0.10744352938473879,1.0257447884664308,False,nan,nan,nan,nan
larger_gap_n6,0.8,0.05,0.10744352938473879,1.0257447884664308,False,nan,nan,nan,nan
larger_gap_n6,0.8,0.1,0.10744352938473879,1.0257447884664308,False,nan,nan,nan,nan
larger_gap_n6,0.8,0.2,0.10744352938473879,1.0257447884664308,False,nan,nan,nan,nan
larger_gap_n6,0.8,0.4,0.10744352938473879,1.0257447884664308,False,nan,nan,nan,nan
larger_gap_n6,0.8,0.6,0.10744352938473879,1.0257447884664308,False,nan,nan,nan,nan
larger_gap_n6,0.8,0.8,0.10744352938473879,1.0257447884664308,False,nan,nan,nan,nan
larger_gap_n6,0.8,1.0,0.10744352938473879,1.0257447884664308,False,nan,nan,nan,nan
larger_gap_n6,1.0,0.0,0.11866230346864898,1.0360060409303475,False,nan,nan,nan,nan
larger_gap_n6,1.0,0.0001,0.11866230346864898,1.0360060409303475,False,nan,nan,nan,nan
larger_gap_n6,1.0,0.0005,0.11866230346864898,1.0360060409303475,False,nan,nan,nan,nan
larger_gap_n6,1.0,0.001,0.11866230346864898,1.0360060409303475,False,nan,nan,nan,nan
larger_gap_n6,1.0,0.002,0.11866230346864898,1.0360060409303475,False,nan,nan,nan,nan
larger_gap_n6,1.0,0.005,0.11866230346864898,1.0360060409303475,False,nan,nan,nan,nan
larger_gap_n6,1.0,0.01,0.11866230346864898,1.0360060409303475,False,nan,nan,nan,nan
larger_gap_n6,1.0,0.02,0.11866230346864898,1.0360060409303475,False,nan,nan,nan,nan
larger_gap_n6,1.0,0.05,0.11866230346864898,1.0360060409303475,False,nan,nan,nan,nan
larger_gap_n6,1.0,0.1,0.11866230346864898,1.0360060409303475,False,nan,nan,nan,nan
larger_gap_n6,1.0,0.2,0.11866230346864898,1.0360060409303475,False,nan,nan,nan,nan
larger_gap_n6,1.0,0.4,0.11866230346864898,1.0360060409303475,False,nan,nan,nan,nan
larger_gap_n6,1.0,0.6,0.11866230346864898,1.0360060409303475,False,nan,nan,nan,nan
larger_gap_n6,1.0,0.8,0.11866230346864898,1.0360060409303475,False,nan,nan,nan,nan
larger_gap_n6,1.0,1.0,0.11866230346864898,1.0360060409303475,False,nan,nan,nan,nan
