family,epsilon,delta,n_min,n_max,points,slope_vs_log_n,intercept,r_squared_diagnostic,max_abs_residual,linear_plus_log_linear_coefficient,linear_plus_log_log_coefficient,linear_plus_log_constant,linear_plus_log_max_abs_residual,symbol_half_level_measure,semantics
near_symmetric_m2_least,0.002,0.01,64,2048,11,3.094642014883876,-3.5884276413075957,0.9436731044190554,1.4634039574319964,0.002682423243545053,1.7066579234071595,2.9174363712054805,1.0352699912564738,0.0029296875,deterministic least-squares diagnostic; not a confidence interval
near_symmetric_m2_least,0.002,0.02,64,2048,11,2.9325106921508626,-4.810668362063322,0.8832894739983853,2.451391661574416,0.0037571724739697255,0.9884119615149334,4.3018582483533905,1.1740031548203476,0.0029296875,deterministic least-squares diagnostic; not a confidence interval
near_symmetric_m2_least,0.002,0.05,64,2048,11,2.5712107722350925,-5.126853048370571,0.9210049388207475,1.5223505769693162,0.002650449027698971,1.1997713118260387,1.3014617180636858,0.9679211579690401,0.0029296875,deterministic least-squares diagnostic; not a confidence interval
near_symmetric_m2_least,0.002,0.1,64,2048,11,1.9913062553713181,-4.14922207598873,0.8955242456814931,1.2731927728893737,0.00223459114596788,0.8350469033015937,1.2704842116811328,0.9023671520741292,0.0029296875,deterministic least-squares diagnostic; not a confidence interval
near_symmetric_m2_least,0.002,0.2,64,2048,11,1.4114017385075424,-3.1715911036068825,0.7830449118693515,1.4101906110838929,0.0026967471030521725,0.016005957181981167,3.3690135421422713,0.8518633267335449,0.0029296875,deterministic least-squares diagnostic; not a confidence interval
near_symmetric_m2_least,0.01,0.01,64,2048,11,266.45382178279726,-1222.3758847480244,0.839098270957207,263.76701624817565,0.49685076753132495,9.365026108593428,-17.329836981282728,6.5291832062922595,0.0029296875,deterministic least-squares diagnostic; not a confidence interval
near_symmetric_m2_least,0.01,0.02,64,2048,11,3.0365490740217775,-3.7900579598427027,0.9551698390653843,1.2793601730521473,0.002062310268404603,1.9694341617413142,1.2118037672864468,1.0253131527729273,0.0029296875,deterministic least-squares diagnostic; not a confidence interval
near_symmetric_m2_least,0.01,0.05,64,2048,11,2.567971438940885,-4.562226444330474,0.942149235955173,0.9824226550667312,0.002441394560832762,1.3047044211024426,1.3590542677602429,0.6872794792504102,0.0029296875,deterministic least-squares diagnostic; not a confidence interval
near_symmetric_m2_least,0.01,0.1,64,2048,11,1.9130750106372434,-3.504390714901685,0.9021922370555862,1.2056773995114067,0.0020549242349023784,0.8497819027736773,1.479557161505803,0.7178092056283321,0.0029296875,deterministic least-squares diagnostic; not a confidence interval
near_symmetric_m2_least,0.01,0.2,64,2048,11,1.4114017385075424,-3.1715911036068825,0.7830449118693515,1.4101906110838929,0.0026967471030521725,0.016005957181981167,3.3690135421422713,0.8518633267335449,0.0029296875,deterministic least-squares diagnostic; not a confidence interval
near_symmetric_m2_least,0.05,0.01,64,2048,11,517.436647932712,-2425.3681920512836,0.8292517617351867,528.1109020888512,1.0000000000000009,-1.9962772151168962e-13,1.0861266205703202e-12,1.3642420526593924e-12,0.0029296875,deterministic least-squares diagnostic; not a confidence interval
near_symmetric_m2_least,0.05,0.02,64,2048,11,517.436647932712,-2425.3681920512836,0.8292517617351867,528.1109020888512,1.0000000000000009,-1.9962772151168962e-13,1.0861266205703202e-12,1.3642420526593924e-12,0.0029296875,deterministic least-squares diagnostic; not a confidence interval
near_symmetric_m2_least,0.05,0.05,64,2048,11,263.16152330816095,-1206.9812597786602,0.8385469937440839,261.4749127366272,0.4917491845046333,8.712473654438748,-14.30842921396451,3.9411877501090657,0.0029296875,deterministic least-squares diagnostic; not a confidence interval
near_symmetric_m2_least,0.05,0.1,64,2048,11,2.3058509009547183,-4.010860822356953,0.8315083123254698,2.4296262636848525,0.0037162964027745438,0.3829029475786774,5.002526265166969,0.9228370673847266,0.0029296875,deterministic least-squares diagnostic; not a confidence interval
near_symmetric_m2_least,0.05,0.2,64,2048,11,2.1187222744084178,-6.539699957430376,0.8478996178668791,2.385249877577131,0.0034691871629294354,0.32363769777102325,1.8743562398112763,0.6700894719799821,0.0029296875,deterministic least-squares diagnostic; not a confidence interval
near_symmetric_m2_least,0.2,0.01,64,2048,11,517.436647932712,-2425.3681920512836,0.8292517617351867,528.1109020888512,1.0000000000000009,-1.9962772151168962e-13,1.0861266205703202e-12,1.3642420526593924e-12,0.0029296875,deterministic least-squares diagnostic; not a confidence interval
near_symmetric_m2_least,0.2,0.02,64,2048,11,517.436647932712,-2425.3681920512836,0.8292517617351867,528.1109020888512,1.0000000000000009,-1.9962772151168962e-13,1.0861266205703202e-12,1.3642420526593924e-12,0.0029296875,deterministic least-squares diagnostic; not a confidence interval
near_symmetric_m2_least,0.2,0.05,64,2048,11,517.436647932712,-2425.3681920512836,0.8292517617351867,528.1109020888512,1.0000000000000009,-1.9962772151168962e-13,1.0861266205703202e-12,1.3642420526593924e-12,0.0029296875,deterministic least-squares diagnostic; not a confidence interval
near_symmetric_m2_least,0.2,0.1,64,2048,11,517.436647932712,-2425.3681920512836,0.8292517617351867,528.1109020888512,1.0000000000000009,-1.9962772151168962e-13,1.0861266205703202e-12,1.3642420526593924e-12,0.0029296875,deterministic least-squares diagnostic; not a confidence interval
near_symmetric_m2_least,0.2,0.2,64,2048,11,272.0259489628179,-1247.0819031117967,0.8427765626440925,265.98768792186775,0.5003175442984785,13.143315939087076,-33.627645245058304,5.291782679414382,0.0029296875,deterministic least-squares diagnostic; not a confidence interval
near_symmetric_m3_selected,0.002,0.01,64,2048,11,10.55657409759234,-35.57020303194765,0.9001520085627972,8.080347738646573,0.014792124978579355,2.9025865328745315,0.30614638394585997,1.0493270258206842,0.01519775390625,deterministic least-squares diagnostic; not a confidence interval
near_symmetric_m3_selected,0.002,0.02,64,2048,11,9.783062287593847,-33.992157986559015,0.8626623655681346,8.400035525790976,0.01647679251553924,1.2573659996704558,5.970130487658382,0.977982459012054,0.01519775390625,deterministic least-squares diagnostic; not a confidence interval
near_symmetric_m3_selected,0.002,0.05,64,2048,11,9.087079418222702,-33.60024224687587,0.8850257353263532,7.314723985956753,0.013845902265188292,1.9227021625197482,-0.018831302637477176,1.0647109042025882,0.01519775390625,deterministic least-squares diagnostic; not a confidence interval
near_symmetric_m3_selected,0.002,0.1,64,2048,11,8.611213283229842,-33.602000872273415,0.834743946454345,8.944780579091152,0.016213052755850582,0.22198561248631266,5.720621577815922,0.8614746140045213,0.01519775390625,deterministic least-squares diagnostic; not a confidence interval
near_symmetric_m3_selected,0.002,0.2,64,2048,11,8.612023116553393,-37.24315752328345,0.8540712900441119,8.57976255956681,0.01486049423046249,0.9226587953194847,-1.2009874985581475,1.4968982599564304,0.01519775390625,deterministic least-squares diagnostic; not a confidence interval
near_symmetric_m3_selected,0.01,0.01,64,2048,11,273.22047330024134,-1252.4244464543629,0.8477367579732531,261.22243832188565,0.49308892417031375,18.078193244807075,-56.50225391889726,5.263086648393767,0.01519775390625,deterministic least-squares diagnostic; not a confidence interval
near_symmetric_m3_selected,0.01,0.02,64,2048,11,10.399301774800643,-35.63938365876355,0.905619262956989,7.348669903817438,0.014117123388087188,3.094584770416353,-1.400161630033801,1.1328299222274083,0.01519775390625,deterministic least-squares diagnostic; not a confidence interval
near_symmetric_m3_selected,0.01,0.05,64,2048,11,9.483904475157935,-35.312495609381266,0.8917257915561341,7.001337485169991,0.013924763455130901,2.2787215496791,-1.5398172434687778,0.8858946585058014,0.01519775390625,deterministic least-squares diagnostic; not a confidence interval
near_symmetric_m3_selected,0.01,0.1,64,2048,11,8.659588224209315,-33.706490741618,0.8440182659124843,8.680429954989307,0.01576699541098469,0.5011669707789603,4.534278412402754,0.664589471444355,0.01519775390625,deterministic least-squares diagnostic; not a confidence interval
near_symmetric_m3_selected,0.01,0.2,64,2048,11,8.58621597941655,-36.90859928659109,0.8425560438072958,8.44197391066644,0.01554970466469233,0.5402289213745058,0.805159802945104,1.369045847471944,0.01519775390625,deterministic least-squares diagnostic; not a confidence interval
near_symmetric_m3_selected,0.05,0.01,64,2048,11,517.436647932712,-2425.3681920512836,0.8292517617351867,528.1109020888512,1.0000000000000009,-1.9962772151168962e-13,1.0861266205703202e-12,1.3642420526593924e-12,0.01519775390625,deterministic least-squares diagnostic; not a confidence interval
near_symmetric_m3_selected,0.05,0.02,64,2048,11,517.436647932712,-2425.3681920512836,0.8292517617351867,528.1109020888512,1.0000000000000009,-1.9962772151168962e-13,1.0861266205703202e-12,1.3642420526593924e-12,0.01519775390625,deterministic least-squares diagnostic; not a confidence interval
near_symmetric_m3_selected,0.05,0.05,64,2048,11,271.32996609344667,-1243.6899873721131,0.8464278937009933,260.9023763820337,0.49219906755553144,16.64813046190612,-49.92602476562698,3.063659955815524,0.01519775390625,deterministic least-squares diagnostic; not a confidence interval
near_symmetric_m3_selected,0.05,0.1,64,2048,11,9.103168555476916,-34.2409206714479,0.870583993108145,7.832728869149385,0.014768463719339075,1.461424193426257,1.5780414789003738,1.0970174465214573,0.01519775390625,deterministic least-squares diagnostic; not a confidence interval
near_symmetric_m3_selected,0.05,0.2,64,2048,11,8.358810745126297,-34.7445150624202,0.8381662258761028,8.01176795341705,0.015349374406122503,0.4164819045581205,2.483369390075318,1.4688721193498804,0.01519775390625,deterministic least-squares diagnostic; not a confidence interval
near_symmetric_m3_selected,0.2,0.01,64,2048,11,517.436647932712,-2425.3681920512836,0.8292517617351867,528.1109020888512,1.0000000000000009,-1.9962772151168962e-13,1.0861266205703202e-12,1.3642420526593924e-12,0.01519775390625,deterministic least-squares diagnostic; not a confidence interval
near_symmetric_m3_selected,0.2,0.02,64,2048,11,517.436647932712,-2425.3681920512836,0.8292517617351867,528.1109020888512,1.0000000000000009,-1.9962772151168962e-13,1.0861266205703202e-12,1.3642420526593924e-12,0.01519775390625,deterministic least-squares diagnostic; not a confidence interval
near_symmetric_m3_selected,0.2,0.05,64,2048,11,517.436647932712,-2425.3681920512836,0.8292517617351867,528.1109020888512,1.0000000000000009,-1.9962772151168962e-13,1.0861266205703202e-12,1.3642420526593924e-12,0.01519775390625,deterministic least-squares diagnostic; not a confidence interval
near_symmetric_m3_selected,0.2,0.1,64,2048,11,517.436647932712,-2425.3681920512836,0.8292517617351867,528.1109020888512,1.0000000000000009,-1.9962772151168962e-13,1.0861266205703202e-12,1.3642420526593924e-12,0.01519775390625,deterministic least-squares diagnostic; not a confidence interval
near_symmetric_m3_selected,0.2,0.2,64,2048,11,279.4967892120854,-1283.116401663547,0.8454753274623549,270.0598760664893,0.5088315800830218,16.208682051621402,-49.01247221899111,4.375682834418285,0.01519775390625,deterministic least-squares diagnostic; not a confidence interval
near_symmetric_m4_meaningful,0.002,0.01,64,2048,11,16.737759794124575,-61.33549180446257,0.9127620516353526,11.71645069240492,0.021961071971364633,5.374296328252666,-8.07180638176602,0.815459262522662,0.02545166015625,deterministic least-squares diagnostic; not a confidence interval
near_symmetric_m4_meaningful,0.002,0.02,64,2048,11,15.982766621350954,-60.32159513667606,0.8456107595505168,14.459089304168863,0.028851756855057288,1.0538102673004972,9.654538224377331,1.5393175888041029,0.02545166015625,deterministic least-squares diagnostic; not a confidence interval
near_symmetric_m4_meaningful,0.002,0.05,64,2048,11,15.602138230886762,-62.432474794371174,0.8724985315964774,13.472115414468561,0.025076893269842606,2.626434636773041,-1.611775502230125,2.341607180139251,0.02545166015625,deterministic least-squares diagnostic; not a confidence interval
near_symmetric_m4_meaningful,0.002,0.1,64,2048,11,14.07778994394923,-58.22877093187462,0.8571974151759957,12.890986442075473,0.02437812242728887,1.4636559922796255,0.8971517852037558,0.9680444272918365,0.02545166015625,deterministic least-squares diagnostic; not a confidence interval
near_symmetric_m4_meaningful,0.002,0.2,64,2048,11,13.406804378391369,-58.53025677787379,0.835152062265569,13.308481570666004,0.02517632386036464,0.379651752815947,2.531598305836329,1.6385301795615828,0.02545166015625,deterministic least-squares diagnostic; not a confidence interval
near_symmetric_m4_meaningful,0.01,0.01,64,2048,11,291.54472348878323,-1331.9677950578368,0.8487244371552675,278.05036103066845,0.5241811170567675,20.31420336930502,-60.63558687444295,3.4674749333368027,0.02545166015625,deterministic least-squares diagnostic; not a confidence interval
near_symmetric_m4_meaningful,0.01,0.02,64,2048,11,16.62157391240038,-61.73875244153281,0.8934492212485735,13.00558440919312,0.02427680206828607,4.059866827660546,-2.8585689003871586,1.3774606036491228,0.02545166015625,deterministic least-squares diagnostic; not a confidence interval
near_symmetric_m4_meaningful,0.01,0.05,64,2048,11,15.287593585303359,-59.570836048002946,0.8821527769392529,13.00875974481032,0.023551287321095186,3.1012944193757153,-2.450292897558135,1.623404674744453,0.02545166015625,deterministic least-squares diagnostic; not a confidence interval
near_symmetric_m4_meaningful,0.01,0.1,64,2048,11,14.187497159085007,-58.69625708672417,0.860678526489395,12.521996881482089,0.02423442422114038,1.6477179255188226,0.08114457190681423,0.8220718867670413,0.02545166015625,deterministic least-squares diagnostic; not a confidence interval
near_symmetric_m4_meaningful,0.01,0.2,64,2048,11,13.61974014207451,-59.3359758794927,0.836452264673797,13.49064660567408,0.025480534428972964,0.4351778196126911,2.463701841005884,1.3998568844770531,0.02545166015625,deterministic least-squares diagnostic; not a confidence interval
near_symmetric_m4_meaningful,0.05,0.01,64,2048,11,517.436647932712,-2425.3681920512836,0.8292517617351867,528.1109020888512,1.0000000000000009,-1.9962772151168962e-13,1.0861266205703202e-12,1.3642420526593924e-12,0.02545166015625,deterministic least-squares diagnostic; not a confidence interval
near_symmetric_m4_meaningful,0.05,0.02,64,2048,11,517.436647932712,-2425.3681920512836,0.8292517617351867,528.1109020888512,1.0000000000000009,-1.9962772151168962e-13,1.0861266205703202e-12,1.3642420526593924e-12,0.02545166015625,deterministic least-squares diagnostic; not a confidence interval
near_symmetric_m4_meaningful,0.05,0.05,64,2048,11,289.7864913009671,-1323.4707537630895,0.8490340617893086,275.9591702572204,0.5204054682732284,20.509630231814572,-61.29588404364843,2.4147058314532046,0.02545166015625,deterministic least-squares diagnostic; not a confidence interval
near_symmetric_m4_meaningful,0.05,0.1,64,2048,11,15.44567574141861,-62.14281207219706,0.8660572849746919,13.375419560115091,0.025551672594586225,2.2243039250017964,-0.17059810757926763,1.8924059447916743,0.02545166015625,deterministic least-squares diagnostic; not a confidence interval
near_symmetric_m4_meaningful,0.05,0.2,64,2048,11,13.787432768855567,-58.41937712017868,0.8429591978957338,13.295455460366284,0.025263529322554667,0.7151568412431164,2.8539833177002447,1.007725516863566,0.02545166015625,deterministic least-squares diagnostic; not a confidence interval
near_symmetric_m4_meaningful,0.2,0.01,64,2048,11,517.436647932712,-2425.3681920512836,0.8292517617351867,528.1109020888512,1.0000000000000009,-1.9962772151168962e-13,1.0861266205703202e-12,1.3642420526593924e-12,0.02545166015625,deterministic least-squares diagnostic; not a confidence interval
near_symmetric_m4_meaningful,0.2,0.02,64,2048,11,517.436647932712,-2425.3681920512836,0.8292517617351867,528.1109020888512,1.0000000000000009,-1.9962772151168962e-13,1.0861266205703202e-12,1.3642420526593924e-12,0.02545166015625,deterministic least-squares diagnostic; not a confidence interval
near_symmetric_m4_meaningful,0.2,0.05,64,2048,11,517.436647932712,-2425.3681920512836,0.8292517617351867,528.1109020888512,1.0000000000000009,-1.9962772151168962e-13,1.0861266205703202e-12,1.3642420526593924e-12,0.02545166015625,deterministic least-squares diagnostic; not a confidence interval
near_symmetric_m4_meaningful,0.2,0.1,64,2048,11,517.436647932712,-2425.3681920512836,0.8292517617351867,528.1109020888512,1.0000000000000009,-1.9962772151168962e-13,1.0861266205703202e-12,1.3642420526593924e-12,0.02545166015625,deterministic least-squares diagnostic; not a confidence interval
near_symmetric_m4_meaningful,0.2,0.2,64,2048,11,295.25063846171577,-1349.1740538696604,0.8496328150574658,279.00043017877806,0.528984456089747,21.53469469412834,-66.19197998003986,2.0050207796276425,0.02545166015625,deterministic least-squares diagnostic; not a confidence interval
