index,n,mode,margin,entropy,min_atom,normalization_residual,lambda_max_coordinate,lambda_max,fisher_along_top,acceleration_along_top,fisher_max_eigenvalue,acceleration_max_eigenvalue,mechanism_ratio,mechanism_fisher,mechanism_acceleration,mechanism_total,mechanism_rank,direction_rank,direction_singular_1,direction_singular_2,step,gap,endpoint_margin,status
0,12,0,0.08141279986241082,7.9988268921494825,8.603691606867306e-06,0.0,-0.09848175970653712,-0.09872179148342201,-0.06581346655664508,-0.03290832492677704,-0.06565028229554276,1.6052196177076223,0.27166274784349576,-1.0000000000000009,0.271662747843496,-0.7283372521565049,12,12,1.0000000000000002,0.9999978724856584,0.048271936456994825,-0.00016287680872295596,0.07344666878365014,NO_HIT
1,12,1,0.00036369645255399265,7.444392263716267,8.843946015694358e-13,2.220446049250313e-16,-0.4211168306256131,-0.4211043059146341,-0.27987824282078655,-0.14122606309384816,-0.27974187797356564,7.48079552070777,0.48438891973307,-0.9999999999999984,0.48438891973306925,-0.5156110802669291,12,12,1.0,0.9991704360729782,0.00247873138907646,-1.2939701630187983e-06,0.0003126315364889873,NO_HIT
2,12,2,0.0399999999999998,7.926177632588024,5.423026076565316e-06,2.220446049250313e-16,-0.15011249952838143,-0.15098559797141836,-0.10065499869487067,-0.05033059927654711,-0.10006319645361991,1.89237751960826,0.3001013803226973,-0.999999999999999,0.300101380322697,-0.699898619677302,12,12,1.0,0.999986021063641,0.037711485735928287,-0.00012593639696678594,0.03653224117807861,NO_HIT
3,12,3,0.25725741624533227,8.249320515141235,7.703726282790431e-05,0.0,-0.0014627895454965916,-0.001462791898203379,-0.0009751950488119017,-0.000487596849391426,-0.000975193472150729,0.28978859599990436,0.06686155026024734,-1.0000000000000029,0.06686155026024754,-0.9331384497397553,12,12,0.9999999999999999,0.9999999627002195,0.08688494251998918,-0.0004700110073230235,0.2476156962212858,NO_HIT
4,12,0,0.08446656625254123,7.5131059521054535,2.686149682994209e-07,0.0,-0.009928236476983555,-0.009928281869872822,-0.0066194357127825456,-0.003308846157081158,-0.006619403625045783,0.7718300531824214,0.1450857554084905,-1.0000000000000016,0.14508575540849072,-0.8549142445915108,12,12,1.0000000000000002,0.9999984311059917,0.04490070563214909,-5.8666062062506796e-05,0.08212920307777283,NO_HIT
5,12,1,0.0004742268823862972,7.66999499815757,6.526826416023715e-11,0.0,-0.43095906753150864,-0.4329608204420349,-0.28840508087556027,-0.14455573956647422,-0.28683967656518955,3.9973037449487947,0.4161541419332254,-1.0000000000000002,0.41615414193322553,-0.5838458580667747,12,12,1.0000000000000002,0.9946532128669349,0.007171254381802221,-1.1149891056660977e-05,0.000415134364311176,NO_HIT
6,12,2,0.04000000000000025,8.103065451669645,8.201224085249478e-06,0.0,-0.16556319112282394,-0.16505266122605233,-0.10996209611644821,-0.05509056510960432,-0.11028691512916085,2.0388204077263614,0.3193016897869702,-1.0,0.3193016897869702,-0.6806983102130297,12,12,1.0000000000000007,0.996116335457366,0.04387304626430636,-0.00018058862429271016,0.0352624374850844,NO_HIT
7,12,3,0.29868527050319293,8.248092164022545,7.754365397328269e-05,2.220446049250313e-16,-0.0025915247626124484,-0.002591527974702889,-0.001727679544107387,-0.0008638484305955856,-0.001727677353911483,0.2695466180910616,0.06258924849318658,-0.9999999999999989,0.0625892484931865,-0.9374107515068124,12,12,0.9999999999999996,0.9999996813620357,0.09163445190066846,-0.00059911165828197,0.27739545741343485,NO_HIT
8,12,0,0.10874233992360388,7.974884950669095,2.9691305000967233e-06,3.3306690738754696e-16,-0.02410155313285346,-0.0241015108910209,-0.016065414581307294,-0.008036096309714157,-0.01606536740047628,1.4019188050678748,0.24219826869809757,-1.0000000000000007,0.24219826869809774,-0.757801731301903,12,12,0.9999999999999994,0.9999910436231104,0.0665508119347713,-0.0002237757660488171,0.10504920674956174,NO_HIT
9,12,1,0.00010283135713717861,7.195579810972843,1.3794472380120898e-12,2.220446049250313e-16,-0.7649949513813217,-0.7633727611885589,-0.5193747280331695,-0.2439980331553887,-0.5175168729965292,8.488849580950617,0.4930160563124327,-1.0000000000000007,0.49301605631243306,-0.5069839436875676,12,12,1.0000000000000002,0.9951528585843538,0.0003427456615620271,-4.483891480333568e-08,0.00010219147754098046,NO_HIT
10,12,2,0.03999999999999999,7.848182675642198,4.665385611777734e-06,0.0,-0.08548590459991218,-0.08547971832364933,-0.05698992983900781,-0.028489788484641593,-0.05699278107993411,1.9860254437044254,0.29595697152306133,-1.0000000000000009,0.2959569715230616,-0.7040430284769392,12,12,1.0000000000000002,0.9998847285239253,0.057564970371778726,-0.00023762597513510286,0.03922624785860284,NO_HIT
11,12,3,0.30903001089022686,8.297970594309659,0.00011731147997827008,0.0,-0.004687929934184623,-0.004688214742994442,-0.003125474614147077,-0.0015627401288473841,-0.0031252844596199297,0.29099660441047387,0.06755042351203992,-0.9999999999999992,0.06755042351203987,-0.9324495764879593,12,12,0.9999999999999999,0.999994041606694,0.09258136249818119,-0.0006105027565794785,0.29773249309594385,NO_HIT
12,12,0,0.1094546442505534,7.981270593038929,8.364155126262401e-06,2.220446049250313e-16,-0.08145639654095882,-0.08122222396157626,-0.05415277964808319,-0.027069444313493205,-0.05430688780694001,1.2499934358402802,0.2273638529782655,-0.9999999999999998,0.22736385297826545,-0.7726361470217343,12,12,1.0,0.9958080331866167,0.06345302761244022,-0.0003129443462741577,0.10889976790992162,NO_HIT
13,12,1,0.0035489283616046974,7.1572763977247575,1.153244538774012e-10,0.0,-0.3455683483491619,-0.3466918576093913,-0.2333959871976511,-0.11329587041174169,-0.2324523422015175,4.655774587713157,0.4310373420662173,-0.9999999999999997,0.43103734206621713,-0.5689626579337825,12,12,1.0,0.9981622984837041,0.010810924858144758,-2.061767455785457e-05,0.003484302321957622,NO_HIT
14,12,2,0.039999999999999966,8.133396052472216,8.201224085249478e-06,2.220446049250313e-16,-0.14005745420802024,-0.14007511160271177,-0.09335876881129954,-0.04671634279141204,-0.0933392227320715,2.2584303754636004,0.33317436337496353,-0.9999999999999989,0.33317436337496315,-0.6668256366250358,12,12,1.0000000000000002,0.9998328723697086,0.056489818630725934,-0.000305726276264906,0.03743592525930914,NO_HIT
15,12,3,0.24699790289942072,8.110368697790854,1.905069359624459e-05,0.0,-0.0008603799833670115,-0.0008603794263180419,-0.00057358713966243,-0.00028679228665640794,-0.0005735875099773256,0.1426135667526806,0.03321507325631971,-0.9999999999999999,0.033215073256319706,-0.9667849267436802,12,12,1.0000000000000002,0.9999993491456095,0.07963376633980393,-0.00034407949023673723,0.2359543774070274,NO_HIT
16,12,0,0.08136053830710259,7.939708875002327,4.660645467644563e-06,2.220446049250313e-16,-0.10684526440394965,-0.10679429329955213,-0.07119085446234415,-0.03560343883720887,-0.0712231305907917,1.8484267325244264,0.29132114268549353,-0.999999999999997,0.29132114268549264,-0.7086788573145044,12,12,1.0,0.9992271349724359,0.07024222791235417,-0.00043385227535619464,0.07655351795236671,NO_HIT
17,12,1,9.999999999965592e-05,7.087440418748355,5.942364575487743e-13,0.0,-0.2398335453401954,-0.23993706888840002,-0.16337098845373374,-0.07656608043466528,-0.1629474502589923,4.737118707427564,0.42172585284148667,-1.0000000000000004,0.42172585284148684,-0.5782741471585136,12,12,0.9999999999999998,0.9999860979715811,0.001119557015379602,-1.5038825740276707e-07,8.330092235342423e-05,NO_HIT
18,12,2,0.03999999999999973,7.654213035548404,3.997933557486192e-06,2.220446049250313e-16,-0.10960836767957483,-0.10988710960928139,-0.0732702880098128,-0.036616821599469995,-0.07307450132939478,1.6349011374794387,0.2634498437737468,-1.0000000000000022,0.2634498437737474,-0.7365501562262549,12,12,1.0000000000000002,0.9985274407162104,0.05304661727711834,-0.00020045613377561722,0.03664478447026349,NO_HIT
19,12,3,0.19634324737897801,8.25826974655196,7.181341703201768e-05,0.0,-0.0011097810476097467,-0.001109781004853577,-0.0007398540019182209,-0.00036992700293496383,-0.0007398540276003049,0.28874313340212404,0.06678331214521613,-0.9999999999999976,0.06678331214521596,-0.9332166878547816,12,12,1.0000000000000002,0.9999998579002033,0.09544143682475155,-0.0006702239604621241,0.1946967780958986,NO_HIT
20,12,0,0.08678571822650138,8.066811898268657,4.469844219121114e-06,2.220446049250313e-16,-0.0710823577104708,-0.071025518490531,-0.04738242298525728,-0.023643095505273243,-0.047419128524988606,1.45425349382338,0.25612308680652063,-1.0000000000000004,0.25612308680652074,-0.7438769131934797,12,12,0.9999999999999999,0.999005597969603,0.05663566583900971,-0.00016204645657325045,0.0851928019624214,NO_HIT
21,12,1,0.00010000000000065512,6.891160216122355,7.459087767675706e-18,2.220446049250313e-16,-1.4669547261822244,-1.5807034645738218,-1.0358858809373765,-0.5448175836364448,-0.9446791544203742,9.364594018980785,0.4959856392087236,-0.9999999999999989,0.4959856392087231,-0.5040143607912758,12,12,1.0,0.9888043770586292,0.002919975057255942,-6.739304080127795e-06,9.290710781106881e-05,NO_HIT
22,12,2,0.03999999999999948,7.985184189199039,8.201224085249391e-06,0.0,-0.07345624581614739,-0.07342736720028178,-0.048947915795192865,-0.024479451405087227,-0.048966624938407324,2.3134320959841532,0.32831085615178185,-1.0000000000000007,0.32831085615178207,-0.6716891438482187,12,12,1.0,0.9995871910354105,0.07035052634751544,-0.0003799882547657063,0.03746309503975265,NO_HIT
23,12,3,0.295750568787417,8.221551077553736,7.521805288963962e-05,1.1102230246251565e-16,-0.0014250356377399562,-0.0014251030694321935,-0.0009500685916308207,-0.00047503447780194996,-0.0009500236312558569,0.25758026692962227,0.060055654400440146,-0.9999999999999998,0.06005565440044013,-0.9399443455995596,12,12,0.9999999999999999,0.9999991065453501,0.092172372347064,-0.0005767986066356201,0.28526126527860163,NO_HIT
24,12,0,0.120155983651004,8.071272780894912,1.948905048924661e-05,0.0,-0.021858930442597718,-0.021858467159137536,-0.014574653495361214,-0.00728381366378128,-0.01457489108737707,0.8920616821051062,0.17616624851348578,-0.9999999999999967,0.1761662485134852,-0.8238337514865115,12,12,0.9999999999999999,0.9997399365459889,0.07119426373608105,-0.00024965982193414504,0.11757979907504079,NO_HIT
25,12,1,0.000100000000000033,7.556881311519655,4.82761971788311e-12,2.220446049250313e-16,-0.247975352979276,-0.24553378301969173,-0.1630489460925177,-0.0824848369271731,-0.164572311750695,3.8619478706528616,0.40014528487733847,-1.0000000000000009,0.4001452848773388,-0.5998547151226621,12,12,1.0,0.9889580247760092,0.0005984407908169061,-4.3968372054337124e-08,8.369664201714052e-05,NO_HIT
26,12,2,0.039999999999999813,8.041337713624205,8.201224085249405e-06,1.1102230246251565e-16,-0.04815705413785363,-0.048154387035371074,-0.03210191261088291,-0.016052474424488455,-0.032103368995421155,2.2675108615803268,0.3284441150022589,-1.0000000000000007,0.3284441150022591,-0.6715558849977415,12,12,1.0,0.9999366966924654,0.06259664455698472,-0.0002202892696416825,0.037441109419756174,NO_HIT
27,12,3,0.27533169363242216,8.24372912863899,7.40069734020277e-05,2.220446049250313e-16,-0.0021160545642126805,-0.0021160566111993943,-0.0014107100703223778,-0.000705346540877505,-0.0014107086858229116,0.26395821259382257,0.061147566205650636,-1.0000000000000022,0.061147566205650775,-0.9388524337943515,12,12,0.9999999999999999,0.9999999827593957,0.0760677484901246,-0.0002949292307583562,0.24540330096075974,NO_HIT
28,12,0,0.08353849785099265,7.9938635101842594,5.732526242705444e-06,1.1102230246251565e-16,-0.01735233398680568,-0.017350931428641678,-0.011564867666172087,-0.005786063762469821,-0.01156574628603533,1.0457854171459249,0.19346424857363273,-1.0000000000000002,0.19346424857363279,-0.8065357514263675,12,12,1.0,0.9999102714214015,0.0814531691218266,-0.0004513244704975605,0.07848750320997688,NO_HIT
29,12,1,0.00015956490724222672,7.19270007798203,3.488201486708387e-14,0.0,-1.4109971543465676,-1.3538675911303573,-0.8925093280811033,-0.4613582630492539,-0.9236465642666518,9.267415562871829,0.5261099452386901,-0.9999999999999999,0.52610994523869,-0.47389005476130985,12,12,0.9999999999999999,0.9299943124799424,0.002691033299078083,-4.902539744833234e-06,0.00013665456259692732,NO_HIT
30,12,2,0.039999999999999813,7.892860564297949,6.251451651948842e-06,2.220446049250313e-16,-0.07899881045707452,-0.07900001757994166,-0.05265528677668551,-0.026344730803256514,-0.05265269902273368,1.8577605581441146,0.28948415753093126,-0.9999999999999998,0.2894841575309312,-0.7105158424690685,12,12,1.0000000000000004,0.9999352189175376,0.057888076537337824,-0.00021250970319197648,0.03647320794518507,NO_HIT
31,12,3,0.27706863378168567,8.247335808543447,6.256373725897535e-05,0.0,-0.0020657809687004043,-0.0020657777139589245,-0.0013771853407998865,-0.0006885923731588806,-0.001377187491712482,0.24325302822793554,0.05678651292314298,-0.9999999999999999,0.056786512923142976,-0.9432134870768569,12,11,1.0000000000000002,0.9999983581905376,0.09114584478734358,-0.000562756613369686,0.26832757130582074,NO_HIT
32,12,0,0.13424835441021699,8.200403246279258,2.2890216026111478e-05,0.0,-0.030536649754657523,-0.03053538475658161,-0.020356375552888103,-0.010179009203693488,-0.02035717799523182,0.9481795923410096,0.18644898839254292,-1.0000000000000002,0.18644898839254295,-0.8135510116074572,12,12,1.0000000000000002,0.9999052310826577,0.0755268569099762,-0.0003499451751043381,0.12314110795820117,NO_HIT
33,12,1,0.0007157940660175166,7.13804016548949,5.443817524810504e-10,1.1102230246251565e-16,-0.7046148037600077,-0.7298221709776062,-0.47662289866292074,-0.25319927231468525,-0.4575523078983364,7.288530036649357,0.47839944790342187,-1.0000000000000002,0.478399447903422,-0.5216005520965783,12,12,1.0,0.9962595648383726,0.0029471244970626473,-3.1706544332266162e-06,0.00058462572368434,NO_HIT
34,12,2,0.039999999999999813,8.073920864199462,8.201224085249464e-06,0.0,-0.1137875096232051,-0.11384882374143554,-0.07587321535139353,-0.03797560839004261,-0.07582507651332407,1.8801343033075426,0.30258249076828764,-1.000000000000002,0.30258249076828825,-0.6974175092317138,12,12,1.0,0.9997611687254911,0.033534376650546455,-7.520298064989106e-05,0.03382772039432748,NO_HIT
35,12,3,0.3011807426473769,8.253113990379497,7.633086993646296e-05,2.220446049250313e-16,-0.0052473718308899105,-0.005247413538613417,-0.0034982629252783086,-0.001749150613334527,-0.0034982347347891213,0.23852423915994897,0.055764129137948794,-1.0,0.055764129137948794,-0.9442358708620512,12,12,1.0,0.9999946711017735,0.08779306518606741,-0.0005098070961189194,0.277473653626131,NO_HIT
36,12,0,0.1091423399398681,7.397542452721348,1.9337929115082798e-07,2.220446049250313e-16,-0.0036328695782196847,-0.0036328673287538017,-0.002422036034084332,-0.0012108312946703392,-0.002422037288584562,0.8078629670931499,0.15611447979984155,-1.0000000000000002,0.15611447979984158,-0.8438855202001586,12,12,1.0,0.999997488843785,0.05201053667343763,-8.550958501984951e-05,0.10465405754130819,NO_HIT
37,12,1,0.00010000000000026505,7.440438106800558,1.6289444166768974e-09,2.220446049250313e-16,-0.5948468535525295,-0.7101987888333562,-0.4760966669391378,-0.23410212189421897,-0.39805911187920184,5.113909961232828,0.4487875968238447,-1.0000000000000024,0.44878759682384584,-0.5512124031761566,12,12,0.9999999999999993,0.9813009931244606,0.010086155921431007,-3.623784614426029e-05,9.456433448383952e-05,NO_HIT
38,12,2,0.039999999999999696,8.015983847175622,6.375954676277729e-06,0.0,-0.06579152049782785,-0.06579399517525049,-0.043869778525792734,-0.0219242166494566,-0.04386719186406165,2.057185623692167,0.3192801275925854,-1.000000000000003,0.3192801275925864,-0.6807198724074167,12,12,0.9999999999999997,0.9999114690746339,0.04550151087194633,-0.00010943868778312549,0.037643460145671194,NO_HIT
39,12,3,0.26286986999649065,8.273269232347344,0.00010752476030058625,0.0,-0.002238250577655146,-0.002238252491436445,-0.001492168169521651,-0.000746084321914307,-0.0014921668770554496,0.2860316886059873,0.06597775905248962,-1.0000000000000018,0.06597775905248973,-0.9340222409475121,12,12,0.9999999999999999,0.9999997614872578,0.09245678147650001,-0.0005978649064655173,0.26146960567644595,NO_HIT
40,12,0,0.11815138162189442,7.925514089502441,4.961329483656795e-06,2.220446049250313e-16,-0.01859828726951451,-0.018597254502245388,-0.012399395311043082,-0.006197859191201832,-0.01240006914692183,1.339355304259628,0.23251120350281798,-0.9999999999999991,0.2325112035028178,-0.7674887964971813,12,12,1.0,0.9999431713548382,0.055412863447399464,-0.00011679090424898675,0.11678921836762277,NO_HIT
41,12,1,0.0001489788193537016,7.659296003566694,6.735666657026214e-11,0.0,-0.15843959005319547,-0.15778455676031514,-0.10547029809403792,-0.05231425866627776,-0.10588608362090943,3.2574254069868287,0.384173071180307,-0.9999999999999984,0.3841730711803064,-0.615826928819692,12,12,1.0000000000000002,0.9945742140544501,0.001082255465933103,-9.241574350227211e-08,0.00012174103356987771,NO_HIT
42,12,2,0.0399999999999997,8.051360423704683,6.562860143483118e-06,1.1102230246251565e-16,-0.08687216039795258,-0.08690267973319245,-0.05793505783308157,-0.02896762190011137,-0.05791296158948355,2.3746809076651996,0.33698712627120575,-0.9999999999999999,0.3369871262712057,-0.6630128737287941,12,12,1.0,0.9999391090530769,0.04908027308482224,-0.00015428868140077157,0.03628675169488989,NO_HIT
43,12,3,0.17840607537032727,8.296237029915238,0.00012193164105432258,0.0,-0.002385704625023773,-0.0023857212748785456,-0.0015904799006451098,-0.0007952413742340295,-0.0015904687733000577,0.33623763742426716,0.0770557627183726,-1.0000000000000038,0.07705576271837289,-0.9229442372816309,12,12,0.9999999999999999,0.9999983520453084,0.09621987809144954,-0.0006979467030845399,0.17825837797161673,NO_HIT
44,12,0,0.08142938883239464,7.999332500270555,1.214890104699017e-05,2.220446049250313e-16,-0.0703649151672151,-0.07036633028849874,-0.046910457857754384,-0.023455872430744373,-0.04690868060643808,1.4930749184295389,0.2581552626468405,-1.0,0.2581552626468405,-0.7418447373531595,12,12,1.0,0.9999614453965694,0.07243385442692864,-0.0004092296252711236,0.07947068216135411,NO_HIT
45,12,1,0.0007696840780366321,7.276857096293954,2.6834017488636594e-10,0.0,-0.6110056181994697,-0.6106239210716994,-0.4027115243028427,-0.20791239676885587,-0.4015507540903916,5.592224045450845,0.47687567955962945,-0.9999999999999982,0.4768756795596286,-0.5231243204403696,12,12,0.9999999999999999,0.9944689754566641,0.0055558873199505095,-9.433788610735405e-06,0.0006332705891347303,NO_HIT
46,12,2,0.03999999999999948,7.832221777177299,5.616776493192842e-06,2.220446049250313e-16,-0.0835972232439018,-0.0835949758824866,-0.055724982930122804,-0.027869992952364066,-0.05572509724342986,1.7802635135902523,0.2814749074635137,-0.9999999999999991,0.28147490746351345,-0.7185250925364857,12,12,1.0000000000000002,0.999804871779984,0.050088968626909494,-0.00015826310102085017,0.03748913552066058,NO_HIT
47,12,3,0.2796085899178101,8.147270862736928,2.7872779719222534e-05,2.220446049250313e-16,-0.0007259229247988458,-0.0007259230922255143,-0.00048394996477775867,-0.000241973127447382,-0.0004839498518823327,0.16850853606129984,0.03951324694664817,-1.0000000000000007,0.0395132469466482,-0.9604867530533525,12,12,1.0000000000000002,0.9999999435765877,0.07514991593866105,-0.0002859514862567636,0.2614678479598456,NO_HIT
48,12,0,0.1259140695859183,8.177256426064146,2.4870371901419536e-05,0.0,-0.003229876516173377,-0.00322986752929897,-0.0021532452285128604,-0.0010766223007879216,-0.002153251153761432,0.6116785247712768,0.12688903569409948,-1.0000000000000002,0.1268890356940995,-0.8731109643059007,12,12,0.9999999999999998,0.9999971528820519,0.09225981889259707,-0.0005949767537014594,0.12561008063995752,NO_HIT
49,12,1,0.00032997150529056284,7.031731187275028,1.382267140355222e-13,0.0,-0.22865042245804193,-0.2280612869511459,-0.1526364518138844,-0.07542483513726062,-0.15291003201087913,4.226980748820129,0.395930333296709,-1.0,0.395930333296709,-0.604069666703291,12,12,0.9999999999999999,0.995448517823598,0.0021138332004925495,-5.098051243379587e-07,0.000316848862318848,NO_HIT
50,12,2,0.039999999999999925,7.946926734946391,6.28619477024335e-06,2.220446049250313e-16,-0.07618638831309275,-0.07618153464547121,-0.05079745669584969,-0.025384077949620443,-0.05079955185276496,2.1736055754275867,0.32348041314638554,-0.9999999999999993,0.3234804131463853,-0.676519586853614,12,12,1.0000000000000007,0.9998799074487632,0.052698389140809626,-0.00017809547490443833,0.039307605970874265,NO_HIT
51,12,3,0.27256608143908384,8.212337851110442,6.820690724325566e-05,0.0,-0.0010962827354302081,-0.0010962855500805345,-0.0007308570239234073,-0.00036542852615724375,-0.0007308551436297664,0.2361965825192342,0.054621426936191333,-0.9999999999999976,0.0546214269361912,-0.9453785730638063,12,12,1.0000000000000004,0.999999070104079,0.09472933220474614,-0.0006496709142886914,0.26646321961858416,NO_HIT
52,12,0,0.09946372841018436,8.1157283268366,8.399058692843914e-06,0.0,-0.05886739039379607,-0.05887030212098598,-0.039246189344281944,-0.019624112776704488,-0.039243702388144674,1.431708475840788,0.2541491541495185,-1.0000000000000002,0.25414915414951855,-0.7458508458504817,12,12,1.0000000000000002,0.9999799339313304,0.06573442014461099,-0.00028073152014584934,0.09530176439838108,NO_HIT
53,12,1,0.00013089434521051935,6.236409662074201,6.365044599773514e-19,0.0,-0.5125002621685968,-0.5082772251014898,-0.33617044054537604,-0.17210678455611372,-0.3383890568216682,8.525913720393316,0.4209150707933543,-1.0000000000000024,0.42091507079335533,-0.5790849292066471,12,12,1.0000000000000004,0.9906261415965826,0.00041727023429137023,-4.424946542513908e-08,0.00010494041369990548,NO_HIT
54,12,2,0.04000000000000003,8.086286714262062,8.201224085249478e-06,1.1102230246251565e-16,-0.062047785171700044,-0.06201182248535852,-0.04133714424836587,-0.020674678236994648,-0.041360147066375,2.530054448820662,0.35749884424414896,-0.9999999999999976,0.3574988442441481,-0.6425011557558495,12,12,0.9999999999999999,0.9993872929378677,0.05150719730200043,-0.0001393176676369734,0.036173724889663195,NO_HIT
55,12,3,0.1956014546389968,8.22976631282382,3.989693666765815e-05,2.220446049250313e-16,-0.000408917759763811,-0.00040891775932640987,-0.00027261187077090283,-0.00013630588855495507,-0.0002726118708421941,0.4874681205276124,0.10684946403742901,-1.0000000000000007,0.10684946403742908,-0.8931505359625715,12,12,1.0,0.9999999921291043,0.09056617321843917,-0.0005455461866681333,0.192529328422142,NO_HIT
56,12,0,0.12209191305896164,8.020865337925201,4.990530524625509e-06,0.0,-0.03412822202925936,-0.034133606195270075,-0.022756169146799263,-0.011377437048470208,-0.022752477520805562,1.0650885565863808,0.20182107867053875,-0.9999999999999994,0.20182107867053864,-0.7981789213294608,12,12,0.9999999999999998,0.9999446780659136,0.06749130957269683,-0.00025425810044588104,0.11814665665515196,NO_HIT
57,12,1,0.00046930755582509886,7.419039874895433,1.9573594375584523e-09,0.0,-0.49439577808929536,-0.4899249660243017,-0.3259380576501845,-0.1639869083741173,-0.32811077206238437,4.9609175282003175,0.43311444033436347,-0.9999999999999998,0.43311444033436336,-0.5668855596656364,12,12,0.9999999999999999,0.9858717974721656,0.008153150250154806,-1.6318843705676045e-05,0.000395747195073187,NO_HIT
58,12,2,0.04000000000000023,8.099726381014769,8.201224085249493e-06,2.220446049250313e-16,-0.20084018233605078,-0.2141727871148489,-0.1426762620123153,-0.07149652510253417,-0.13376355554747427,1.972238599085836,0.3146752713686987,-0.9999999999999982,0.31467527136869816,-0.6853247286313,12,12,1.0,0.9956536923909289,0.04705376937169059,-0.00027970729574633424,0.03707944653666706,NO_HIT
59,12,3,0.3132711105263709,8.203773781934963,4.3258719226838654e-05,0.0,-0.0009692369879540319,-0.0009692373618636427,-0.0006461579532052091,-0.00032307940865840615,-0.0006461577011339324,0.22325329944755215,0.05238515305087106,-0.9999999999999992,0.05238515305087102,-0.9476148469491282,12,12,0.9999999999999999,0.9999998437524177,0.09106715856962261,-0.0005680979191193813,0.3114052313036815,NO_HIT
60,12,0,0.09839174183414545,7.963799060183044,8.57876648850877e-06,2.220446049250313e-16,-0.06078936126276938,-0.060766783498328536,-0.040501824149792365,-0.020264959348535172,-0.040515756159314756,1.562647505576555,0.2646159944537001,-0.9999999999999987,0.26461599445369977,-0.7353840055462989,12,12,1.0000000000000002,0.9995261701624667,0.05991565213503674,-0.0002170426193845998,0.0884531239649565,NO_HIT
61,12,1,0.0002855314115847163,6.829428887966433,9.802854904056545e-13,0.0,-0.9447648693330163,-0.8590724356940365,-0.5684141002120798,-0.2906583354819556,-0.622092487530918,8.55497498109099,0.47254384148013273,-1.0000000000000013,0.47254384148013334,-0.527456158519868,12,12,0.9999999999999998,0.7856344559153969,0.008573646667922867,-3.1594874069895695e-05,0.00026448654694222196,NO_HIT
62,12,2,0.04000000000000023,7.8422638137307565,4.426274527184983e-06,2.220446049250313e-16,-0.07305469176499259,-0.07303458962124354,-0.048700160152892684,-0.024334429468351362,-0.048710545590109545,1.8428266778813036,0.2922101876205912,-1.0,0.2922101876205912,-0.7077898123794089,12,12,0.9999999999999998,0.9996262063963612,0.03825187119696843,-7.308649117732102e-05,0.03539714333065916,NO_HIT
63,12,3,0.26457101659988214,8.262873489798865,8.659147858081879e-05,0.0,-0.001424541707939438,-0.0014245410005360479,-0.0009496954197793307,-0.0004748455807570204,-0.0009496958847977391,0.25854779836652975,0.06028364555789087,-0.9999999999999989,0.0602836455578908,-0.9397163544421081,12,12,0.9999999999999998,0.9999994459377292,0.08190938200587132,-0.00037900617558150884,0.2481164514989488,NO_HIT
64,12,0,0.11786739087131726,8.09241374374557,1.64997237607885e-05,0.0,-0.01961243764774165,-0.019612054385989192,-0.013074635693208823,-0.006537418692778907,-0.0130748746218539,0.9476935471551715,0.18443233672250595,-0.9999999999999979,0.18443233672250556,-0.8155676632774923,12,12,1.0,0.9999789522039734,0.08256884114900163,-0.000442731825065934,0.11340365591665214,NO_HIT
65,12,1,0.00010000000000021103,7.54826103950852,1.6021981249217237e-11,0.0,-0.398899783896052,-0.39739519603310836,-0.263459760211387,-0.13393543582172196,-0.2640302536844884,5.679582183160225,0.4664257598011025,-1.0000000000000018,0.46642575980110335,-0.5335742401988984,12,12,0.9999999999999999,0.995302457781265,0.0015064659650300357,-4.5097898926371727e-07,8.068501949898277e-05,NO_HIT
66,12,2,0.04000000000000059,8.070034539354209,7.685823552991826e-06,2.220446049250313e-16,-0.07568375762114578,-0.07566964814347334,-0.05045006292645087,-0.0252195852170226,-0.05045875725083345,2.333396951527262,0.34111180937356267,-1.0,0.34111180937356267,-0.6588881906264373,12,12,0.9999999999999998,0.9997813740504459,0.05488742254851832,-0.00019184677832129182,0.038875841200022715,NO_HIT
67,12,3,0.18392341835985415,8.142661399662568,3.152207024541646e-05,0.0,-0.0008472475050228173,-0.0008472474020162282,-0.0005648320793330375,-0.0002824153226827497,-0.0005648321465736635,0.2467150590529762,0.052739229740008595,-1.0000000000000007,0.05273922974000863,-0.947260770259992,12,12,1.0000000000000002,0.9999998303825572,0.08485389610450329,-0.0004316314833552326,0.1811136467551977,NO_HIT
68,12,0,0.10601943587990881,8.079721727068538,2.1410159344562142e-05,4.440892098500626e-16,-0.029095133681998925,-0.029091706273947096,-0.019394043212794646,-0.009697663061152259,-0.01939621703311461,1.121943626409152,0.2082322250086197,-0.9999999999999989,0.2082322250086195,-0.7917677749913794,12,12,1.0000000000000002,0.9998528784143471,0.07788508437850909,-0.0003861763892274439,0.10369062491404057,NO_HIT
69,12,1,0.00010000000000008356,7.412876856585749,8.372017811250416e-14,0.0,-0.6533782591540757,-0.6521373858130014,-0.43952646549187874,-0.21261092032112144,-0.43868638399969895,8.590305478200307,0.49857602162884884,-0.9999999999999998,0.49857602162884873,-0.501423978371151,12,12,1.0,0.9969635502064798,0.006670350736635554,-1.4536107486584626e-05,9.10177754029595e-05,NO_HIT
70,12,2,0.040000000000000036,8.055650993484846,6.468287922764049e-06,0.0,-0.0777599325041695,-0.07775935079969619,-0.05182269917933695,-0.02593665162035913,-0.051822054902983083,2.060160587949883,0.32236582598937996,-1.0000000000000002,0.32236582598938,-0.6776341740106202,12,12,1.0000000000000002,0.9999311317994475,0.04877504859091162,-0.0001419597736926903,0.035516831063219345,NO_HIT
71,12,3,0.20851956794596507,8.101733567052428,1.7947499231567703e-05,2.220446049250313e-16,-0.00032470272357102033,-0.0003247027011966725,-0.00021646863896781845,-0.00010823406222911424,-0.0002164686538325257,0.18181230327314643,0.040789463992758686,-1.0000000000000024,0.04078946399275878,-0.9592105360072437,12,12,1.0,0.9999999286137399,0.07864172512627118,-0.00033237779279815527,0.20525506715178918,NO_HIT
72,12,0,0.08091233975969933,8.041589551195521,1.7053677567654694e-05,2.220446049250313e-16,-0.016700294678706824,-0.016699938799598777,-0.011134212816414184,-0.005565725983184557,-0.011134437392170828,1.1865674124895433,0.21957304644884057,-1.0000000000000029,0.2195730464488412,-0.7804269535511617,12,12,1.0000000000000004,0.9999781593705187,0.06608478376188777,-0.0002116370343188123,0.07982601291947386,NO_HIT
73,12,1,9.999999999993209e-05,7.521847153192109,1.99983901774445e-11,0.0,-0.6871399488611113,-0.6995476724646257,-0.46316906566976984,-0.2363786067948557,-0.4541183291847071,5.2350385801101655,0.4690534339594472,-1.0000000000000013,0.4690534339594478,-0.5309465660405535,12,12,0.9999999999999999,0.9662213572353608,0.001935196787332304,-1.3100427675993842e-06,8.277683268443358e-05,NO_HIT
74,12,2,0.03999999999999967,7.993180533666348,8.201224085249464e-06,2.220446049250313e-16,-0.12562229632920097,-0.12578290576140547,-0.0838629702675355,-0.041919935493867966,-0.08374920704874989,2.029994237759807,0.3075878359900693,-0.9999999999999984,0.3075878359900688,-0.6924121640099297,12,12,0.9999999999999997,0.9968497920994805,0.05499959264492432,-0.00023910552318984202,0.03835335203876543,NO_HIT
75,12,3,0.2823703869166621,8.16948699254744,2.932055527561377e-05,4.440892098500626e-16,-0.0013815469679360054,-0.0013815458629018319,-0.0009210317570561646,-0.0004605141058456677,-0.0009210324908767348,0.22113970532423052,0.05056297227167094,-0.999999999999999,0.05056297227167089,-0.9494370277283282,12,12,1.0,0.9999991411218374,0.08242968328989227,-0.0003944169535152753,0.26721575300223305,NO_HIT
76,12,0,0.08219188789150782,8.115907926863946,1.869124526639148e-05,1.1102230246251565e-16,-0.025535643212908573,-0.025536000889565723,-0.017023614083785762,-0.008512386805776817,-0.017023350474002098,0.9090330060497722,0.17608221323632225,-0.9999999999999994,0.17608221323632214,-0.8239177867636773,12,12,1.0000000000000004,0.9999746724757891,0.07752769321195994,-0.0003786179791678279,0.07939909390975836,NO_HIT
77,12,1,0.0052689497714066835,7.783373428232409,7.126827540288428e-09,2.220446049250313e-16,-0.1796027604517417,-0.17940197013857834,-0.11955311432567363,-0.0598488558129043,-0.11966226995816788,3.2637909802962137,0.3941387899851711,-0.9999999999999981,0.3941387899851704,-0.6058612100148277,12,12,1.0,0.9982097928299145,0.0406653698532136,-0.00017208975295535112,0.005099398800803012,NO_HIT
78,12,2,0.03999999999999976,7.984117222693997,8.201224085249507e-06,2.220446049250313e-16,-0.11312078643171233,-0.11312528335589703,-0.07542527925782552,-0.03770000409807217,-0.0754170928923006,1.9812757338513582,0.3092713500528621,-0.9999999999999991,0.3092713500528618,-0.6907286499471372,12,12,1.0,0.9998654201671497,0.04051155149976465,-0.00011782442364971502,0.03610945487779613,NO_HIT
79,12,3,0.28064106980065934,8.204098922814602,4.2719005735644736e-05,2.220446049250313e-16,-0.0015371899556345552,-0.0015371874000385665,-0.0010247909255285395,-0.0005123964745103911,-0.0010247926222642285,0.2147163787500204,0.04959352927553179,-1.0000000000000004,0.04959352927553181,-0.9504064707244686,12,12,1.0,0.999997474742564,0.08372304946533596,-0.0004181121517312647,0.2577718319910272,NO_HIT
80,13,0,0.08149530891948609,8.500644028050129,2.5003903865996806e-06,0.0,-0.011415532746970571,-0.011415496728229849,-0.0076110156383911425,-0.003804481089838413,-0.007611032586095333,1.1395423377444522,0.2057791213163427,-1.0000000000000018,0.20577912131634307,-0.7942208786836586,13,13,0.9999999999999998,0.9999957631091461,0.06093515337758835,-0.00015551687183545937,0.08052246492908688,NO_HIT
81,13,1,9.999999999995809e-05,8.415183586644776,3.0748458615152293e-13,0.0,-0.18287880267371845,-0.183156113743851,-0.12186488083533688,-0.061291232908513654,-0.1215435478465284,3.237625867856255,0.35406889097624716,-0.9999999999999992,0.3540688909762469,-0.6459311090237523,13,13,1.0000000000000002,0.9976703698705613,0.0025092532350440935,-5.768991098165088e-07,8.292008147256272e-05,NO_HIT
82,13,2,0.04000000000000005,8.672646479483817,2.231479855676693e-06,0.0,-0.04041891982915514,-0.04041893675266633,-0.026946818790855028,-0.013472117961811414,-0.02694662823037558,2.139106548370929,0.32283001934226874,-1.0000000000000009,0.322830019342269,-0.6771699806577318,13,13,0.9999999999999996,0.999986153098162,0.044103012147854774,-7.47012866675334e-05,0.03876399340251724,NO_HIT
83,13,3,0.31263830009882376,8.921469460676324,2.991656140114868e-05,0.0,-0.0007089530764458792,-0.0007089525752458477,-0.0004726353767597283,-0.00023631719848603988,-0.00047263570993573043,0.24078410451677357,0.05614831825890827,-1.000000000000001,0.056148318258908335,-0.9438516817410928,13,13,1.0000000000000004,0.9999990592663209,0.0868012835026729,-0.00046969168605670575,0.3058360602496183,NO_HIT
84,13,0,0.11343213043723588,8.722445306653151,6.57860532008212e-06,0.0,-0.11106072252407455,-0.11134926917966097,-0.07420373595846991,-0.03714553322119076,-0.07400555469630195,1.3491022281154028,0.24173891242150852,-0.999999999999999,0.24173891242150827,-0.7582610875784908,13,13,0.9999999999999999,0.9997346261811283,0.057398263091411494,-0.00028651185875361307,0.10873097437249624,NO_HIT
85,13,1,9.999999999910081e-05,8.190464002130529,5.299069539583301e-14,2.220446049250313e-16,-0.2933367491893739,-0.3032677564636436,-0.20108580653275115,-0.10218194993089279,-0.1938504440910914,4.4098965449714065,0.36218733470425635,-0.9999999999999978,0.36218733470425557,-0.6378126652957422,13,13,0.9999999999999998,0.972283942232712,0.007817069838029043,-9.298597458240465e-06,8.452069782949323e-05,NO_HIT
86,13,2,0.03999999999999959,8.477596698249737,2.8758719057516696e-06,0.0,-0.07955463898544059,-0.07955534856072995,-0.05304785928389115,-0.026507489276839574,-0.053045259925894164,1.8389077541515513,0.2836813852810338,-0.9999999999999988,0.2836813852810335,-0.7163186147189653,13,13,0.9999999999999997,0.9997154076721699,0.036509446098940045,-6.860812870002064e-05,0.035063382876073246,NO_HIT
87,13,3,0.21313226510422645,8.846957290157857,1.1427029263254167e-05,3.3306690738754696e-16,-0.0009038302883195196,-0.0009038325469678156,-0.0006025551934918171,-0.0003012773534769586,-0.0006025536838870114,0.1764918165625039,0.04025479823967058,-0.9999999999999992,0.04025479823967055,-0.9597452017603286,13,13,0.9999999999999998,0.9999994202818849,0.08836074533343963,-0.0004967391065626714,0.20571539557041646,NO_HIT
88,13,0,0.12939266542440298,8.784085077992625,6.695897628992594e-06,3.3306690738754696e-16,-0.018982672074056024,-0.018982587727353565,-0.012655388579598031,-0.006327199147755026,-0.012655433371088685,0.8295041609594006,0.16646016119589552,-0.9999999999999986,0.16646016119589527,-0.8335398388041033,13,13,0.9999999999999996,0.9999776714590819,0.06666294216262979,-0.00021558499164697764,0.12852950103721106,NO_HIT
89,13,1,0.0017352789909385047,8.318888314723878,2.4048068681546324e-09,0.0,-0.4361284424061871,-0.4368722391580823,-0.29061791762942013,-0.14625432152866216,-0.28990569587972503,5.332738133386569,0.46221834954681057,-0.9999999999999986,0.4622183495468099,-0.5377816504531887,13,13,1.0000000000000002,0.9987192657337653,0.019426259334461224,-8.353818134665403e-05,0.0016625799474310199,NO_HIT
90,13,2,0.03999999999999969,8.681506931496976,3.36290290046588e-06,0.0,-0.041136718136355895,-0.0411320422584369,-0.027421579239997915,-0.013710463018439053,-0.0274242066038882,2.3339870218824843,0.33104756597232593,-1.000000000000002,0.3310475659723266,-0.6689524340276753,13,13,1.0,0.999870530240816,0.06813315511195882,-0.0002732405767318369,0.038741663396446725,NO_HIT
91,13,3,0.2403576582601057,8.954933565142655,4.4097978036357903e-05,0.0,-0.0038400375087963208,-0.003840138394649124,-0.002560086766451054,-0.0012800516281996632,-0.0025600193323363145,0.2445494685785811,0.05675723663790715,-0.9999999999999989,0.05675723663790709,-0.9432427633620918,13,13,0.9999999999999997,0.9999999463320861,0.09335052142757772,-0.0006330210393361568,0.23700385006583602,NO_HIT
92,13,0,0.0893457023377906,8.501494757109363,3.056412881920596e-07,0.0,-0.06816421526295648,-0.06818881191643192,-0.04550602371949787,-0.02268278819693259,-0.04548872950908475,1.346890767306252,0.2388319141436113,-0.9999999999999994,0.23883191414361116,-0.7611680858563883,13,13,0.9999999999999999,0.9999915760247868,0.03535468126742244,-6.075575171493597e-05,0.08590468995720357,NO_HIT
93,13,1,0.00010000000000043308,8.074676689461526,3.8363243982941355e-12,0.0,-0.41647190445782967,-0.42357800953232433,-0.2838886322153513,-0.13968937731697312,-0.27876604085531353,4.146939336365756,0.4348863837068748,-0.9999999999999983,0.4348863837068741,-0.5651136162931243,13,13,1.0,0.9982700971785258,0.00022959823444023732,-1.1164578594957675e-08,8.069386480802354e-05,NO_HIT
94,13,2,0.04000000000000023,8.680706262668354,3.362902900465892e-06,2.220446049250313e-16,-0.07781510939466735,-0.07778620698199894,-0.051843340642983765,-0.025942866339014787,-0.051860519206412,2.113561267870387,0.32162119663474387,-1.000000000000002,0.32162119663474453,-0.6783788033652575,13,13,0.9999999999999997,0.9988873614073602,0.058585258963764965,-0.00022195300653926608,0.036748659565030484,NO_HIT
95,13,3,0.251589362215235,8.924534162466372,3.0197161033373802e-05,0.0,-0.0023939605351870805,-0.0023939878787051106,-0.0015959922824491774,-0.0007979955962563825,-0.0015959740227537839,0.24240301729696595,0.05582692442844167,-1.0000000000000004,0.0558269244284417,-0.9441730755715587,13,12,1.0,0.9999982673624469,0.09280988308003452,-0.0006066445645860341,0.24754321325053366,NO_HIT
96,13,0,0.13862159841582655,8.707112297853591,4.620124729306588e-06,0.0,-0.01797216287291569,-0.01797173272674944,-0.011981092309487644,-0.00599064041726205,-0.01198136448203783,0.6869304467304527,0.13962449809414115,-1.0000000000000009,0.13962449809414126,-0.8603755019058597,13,13,0.9999999999999999,0.9999137405600814,0.07671454381709052,-0.0003369216381035045,0.13666576107479855,NO_HIT
97,13,1,9.999999999943388e-05,8.102192315915604,3.3834987260369447e-14,0.0,-0.46655982307078214,-0.46577749759420906,-0.30885756033449796,-0.1569199372597118,-0.3088878759524583,7.071190196147285,0.46073453144173593,-1.0000000000000009,0.4607345314417363,-0.5392654685582645,13,13,0.9999999999999998,0.9970721763285385,0.0048650260771718815,-5.519026215594636e-06,8.802304240829173e-05,NO_HIT
98,13,2,0.03999999999999959,8.756141953905288,3.362902900465886e-06,0.0,-0.10457279293847993,-0.10461172168801883,-0.06973832121190797,-0.03487340047611076,-0.06970676483576559,2.104976841394742,0.3246702507308103,-0.9999999999999961,0.324670250730809,-0.6753297492691871,13,13,0.9999999999999997,0.9999901696648578,0.03933081343713252,-0.0001024679524199712,0.03606881519967575,NO_HIT
99,13,3,0.2561323167603846,8.931358582200858,3.2582717917921055e-05,2.220446049250313e-16,-0.0015585113234753067,-0.0015585127083128085,-0.0010390081377598711,-0.0005195045705532197,-0.001039007204662887,0.22543158743769653,0.05258896158703459,-1.0000000000000002,0.052588961587034605,-0.9474110384129656,13,13,0.9999999999999999,0.9999995184327211,0.08870847852749648,-0.000515005863649165,0.25010314193617417,NO_HIT
100,13,0,0.08897775503824407,8.743766293259274,2.9280687144465466e-06,4.440892098500626e-16,-0.013672718714813027,-0.013672429940148183,-0.00911508323717716,-0.004557346702970964,-0.00911526827062339,1.0926636689236209,0.2053721119893007,-1.0000000000000018,0.20537211198930105,-0.7946278880107007,13,13,1.0,0.9999760322337022,0.06397023330308288,-0.00018108629105739737,0.08354636307004684,NO_HIT
101,13,1,9.999999999987796e-05,8.137258399155233,1.0319866775014055e-10,2.220446049250313e-16,-0.399068272529988,-0.3994215718950745,-0.2712113183442895,-0.12821025355078614,-0.2699883945532327,5.130406956166258,0.431120743950008,-0.9999999999999986,0.4311207439500074,-0.5688792560499911,13,13,1.0000000000000002,0.9990739377264239,0.010407469556838984,-2.185379656438613e-05,9.126293278549635e-05,NO_HIT
102,13,2,0.04000000000000013,8.591742727539634,2.0426126340174743e-06,0.0,-0.09570052323085121,-0.15682305380014652,-0.10447810593820968,-0.05234494786193812,-0.06375400836344523,2.0657629661013264,0.3072947800240316,-0.9999999999999994,0.30729478002403143,-0.692705219975968,13,13,0.9999999999999998,0.999969001117332,0.04925325927160327,-0.0002667217699556801,0.036616790583086645,NO_HIT
103,13,3,0.28145979872589877,8.941935805067224,3.474132550771009e-05,0.0,-0.0032506915470409143,-0.00325069295010027,-0.002167136634536581,-0.0010835563155636718,-0.002167135633304361,0.20738718097990688,0.048894515009793915,-0.9999999999999989,0.04889451500979386,-0.951105484990205,13,13,1.0000000000000002,0.9999979096565145,0.08138412183164581,-0.0003815017830071099,0.261720325385597,NO_HIT
104,13,0,0.11307603677674291,8.607726471076923,8.046386778393596e-07,0.0,-0.08680545414464866,-0.08680357839445652,-0.057870218025666754,-0.028933360368790365,-0.0578699020218183,1.6989106774654543,0.2839624542714105,-0.9999999999999986,0.2839624542714101,-0.7160375457285885,13,13,0.9999999999999997,0.9999305891997284,0.05572475482446774,-0.00022260117723860162,0.10579822585827152,NO_HIT
105,13,1,0.005168956303786036,8.316375980370804,4.7812443538440134e-09,2.220446049250313e-16,-0.27883165941653887,-0.27786441623179997,-0.18418321063459514,-0.09368120559720457,-0.18467746654245307,5.161562619210379,0.46299891678662514,-0.9999999999999997,0.46299891678662497,-0.5370010832133747,13,13,1.0,0.9931916943031238,0.018029201305662837,-4.567082326190075e-05,0.004597745918830772,NO_HIT
106,13,2,0.0399999999999997,8.719233892732493,3.362902900465886e-06,1.1102230246251565e-16,-0.08327785363670462,-0.08328010354498763,-0.05551515896660125,-0.027764944578386207,-0.05551188213465646,2.137362288149152,0.3209755810513976,-0.9999999999999998,0.32097558105139756,-0.6790244189486022,13,13,1.0000000000000002,0.9997261708811076,0.06253096453193516,-0.00028999126474360537,0.037396801762661726,NO_HIT
107,13,3,0.27735285104290874,8.933834381593972,3.310395608150543e-05,2.220446049250313e-16,-0.002440814921011613,-0.002440816209910738,-0.001627210520597858,-0.0008136056893126012,-0.0016272096227916296,0.22835495568715658,0.053111549816237114,-1.0,0.053111549816237114,-0.9468884501837629,13,13,1.0000000000000004,0.9999959105162065,0.09402530903618911,-0.000636753937756751,0.2683731881405059,NO_HIT
108,13,0,0.09156043429477839,8.516269724321809,1.6251129310624322e-06,1.1102230246251565e-16,-0.006806736286994549,-0.006806714360903818,-0.0045380883382070665,-0.0022686260226969686,-0.004538101800451842,1.450027593003286,0.24883630060932996,-0.9999999999999972,0.24883630060932926,-0.751163699390668,13,13,0.9999999999999997,0.9999966245156121,0.056492989671898,-0.00012154748530335269,0.09132718968726945,NO_HIT
109,13,1,9.99999999995449e-05,8.0746966866028,1.0913805143031744e-11,0.0,-0.35655709989369944,-0.3553879050425415,-0.23734694425839972,-0.11804096078414157,-0.23789992879045774,4.029266455138343,0.4290510543789892,-1.0000000000000002,0.4290510543789893,-0.5709489456210108,13,13,0.9999999999999999,0.9883109605233998,0.0014350754004646025,-3.659884075801756e-07,8.056080337515148e-05,NO_HIT
110,13,2,0.03999999999999915,8.678202995259664,3.362902900465832e-06,2.220446049250313e-16,-0.0725320927643387,-0.07250911368273957,-0.048338123405714306,-0.024170990277025402,-0.04835267518580709,2.0598389599183458,0.3190153780585943,-0.999999999999999,0.319015378058594,-0.6809846219414051,13,13,1.0,0.9996006089448725,0.06350146705955904,-0.00027076228471933916,0.038287254170124956,NO_HIT
111,13,3,0.23211502254561167,8.960102675429722,4.264410815825786e-05,0.0,-0.0016139226824719102,-0.0016139209065970043,-0.0010759474181580703,-0.000537973488439274,-0.0010759485955529721,0.2745306227464062,0.06377296712387624,-1.0000000000000016,0.06377296712387634,-0.9362270328761252,13,13,0.9999999999999998,0.9999988502123386,0.09222397217924784,-0.0005881790871153925,0.22857070136174706,NO_HIT
112,13,0,0.0892571897918586,8.498286659362773,4.0141677152968643e-07,0.0,-0.06658745863095769,-0.0665967426932008,-0.04439082016833087,-0.02220592252487078,-0.044383836358183326,1.566394840059128,0.26251221493660276,-0.9999999999999991,0.26251221493660254,-0.7374877850633965,13,13,0.9999999999999996,0.9999820032462343,0.05360590965613702,-0.0001807109941101004,0.08759494598468975,NO_HIT
113,13,1,0.001215908449682724,8.460214494343557,2.411764044534594e-10,2.220446049250313e-16,-0.7045880564862554,-0.7694611937330739,-0.5114075896457834,-0.25805360408729067,-0.46698518993985205,4.920056536901916,0.47776384872585687,-0.999999999999999,0.47776384872585637,-0.5222361512741427,13,13,1.0000000000000004,0.9836922357001908,0.014429889797607176,-8.032619444975353e-05,0.0010610110904289865,NO_HIT
114,13,2,0.04000000000000059,8.790275182276286,3.362902900465892e-06,2.220446049250313e-16,-0.10140466499081732,-0.10142835827420751,-0.06761244546275899,-0.03381591281144871,-0.06759301970826812,2.0561486169129752,0.3201560417848916,-0.9999999999999986,0.32015604178489115,-0.6798439582151075,13,13,1.0,0.9999144676123654,0.04982953627904188,-0.00017701568580541505,0.035380197506099845,NO_HIT
115,13,3,0.264687494164546,8.877855081212854,1.505243117356281e-05,4.440892098500626e-16,-0.0012786307891108043,-0.0012786291101380472,-0.0008524203344625148,-0.00042620877567528526,-0.0008524214476150744,0.16846772595110165,0.039764467457003315,-1.0000000000000004,0.039764467457003336,-0.9602355325429971,13,13,1.0000000000000004,0.9999985842594123,0.08559704607060961,-0.0004445845656597669,0.25526149222373323,NO_HIT
116,13,0,0.08582046306950783,8.642797657502525,2.0290439359397227e-06,2.220446049250313e-16,-0.017691166886913006,-0.017690975289384358,-0.011793584296086854,-0.005897390993297218,-0.011793700512064631,1.2228059447000799,0.2225589974649727,-0.9999999999999993,0.22255899746497257,-0.7774410025350268,13,13,1.0,0.9999877174849521,0.06365876385019918,-0.00018969685478076315,0.08378572742483424,NO_HIT
117,13,1,0.0006142151062743928,7.941521667946255,6.388378164994625e-15,1.1102230246251565e-16,-0.6402396791922879,-0.6327438307415555,-0.4181639656310803,-0.21457986511048002,-0.4219306783168321,7.516514972193102,0.48625337934186524,-0.9999999999999976,0.4862533793418641,-0.5137466206581335,13,13,1.0,0.9687684768918233,0.013203042359004678,-5.534850369404154e-05,0.0005877022264739682,NO_HIT
118,13,2,0.04000000000000015,8.518526438741137,1.6822941379406862e-06,0.0,-0.02662273348722912,-0.026608482250783595,-0.01773952369961347,-0.008868958551170023,-0.017749004068160424,2.166508814557446,0.31362633875113266,-1.0000000000000027,0.3136263387511335,-0.6863736612488691,13,13,1.0,0.9994559924613865,0.06323947208034285,-0.00014819132459997775,0.039747608856591767,NO_HIT
119,13,3,0.22691234593299692,8.930579475261355,2.285289805802853e-05,0.0,-0.0008281386090566216,-0.0008281368535448344,-0.000552091005204305,-0.00027604584834040047,-0.0005520921732422678,0.23477350544874398,0.05446319997073274,-0.9999999999999988,0.05446319997073267,-0.9455368000292661,13,12,1.0000000000000002,0.9999978665079194,0.0960414356756135,-0.000694174424863192,0.22294407537535677,NO_HIT
120,13,0,0.09659339513688125,8.569664350934461,8.187433195366378e-07,2.220446049250313e-16,-0.049663113309260945,-0.04969134822746626,-0.0331348988184034,-0.016556449409062923,-0.03311555096658944,1.8438436798230224,0.2959440157701531,-1.0000000000000009,0.2959440157701534,-0.7040559842298475,13,13,0.9999999999999999,0.9998155212738739,0.062739707401529,-0.00021997054183309217,0.09387702812790502,NO_HIT
121,13,1,9.999999999996017e-05,7.4559943397706805,3.133415709691312e-14,2.220446049250313e-16,-0.22978912963134576,-0.2292790266638665,-0.15436830537697746,-0.07491072128688872,-0.15449172463050648,4.5385387589231545,0.3813928362025834,-0.9999999999999999,0.38139283620258335,-0.6186071637974165,13,13,1.0,0.9972040130053824,0.00042674808240732886,-2.087800776706672e-08,8.060875294551227e-05,NO_HIT
122,13,2,0.04000000000000016,8.790509358855523,3.362902900465886e-06,0.0,-0.10067437307945598,-0.1006832754191967,-0.06711314389228548,-0.03357013152691013,-0.0671047054039357,2.3079796402442554,0.33914661620289077,-1.0000000000000016,0.33914661620289127,-0.6608533837971102,13,13,1.0000000000000002,0.999690785154541,0.05734218210350629,-0.00024446493603491604,0.037714609118857885,NO_HIT
123,13,3,0.23789117401852877,8.927574346670134,2.8652828758690214e-05,0.0,-0.003219125085662994,-0.003219104812566625,-0.0021460670506832005,-0.0010730377618842213,-0.00214608040630286,0.2475243444662912,0.05747634163308599,-0.9999999999999961,0.057476341633085765,-0.9425236583669103,13,13,0.9999999999999999,0.9999933240378338,0.09064614180828161,-0.0005580847587580706,0.2268620320382324,NO_HIT
124,13,0,0.11649236397654412,8.820084287421567,9.507224806415578e-06,2.220446049250313e-16,-0.007902135266131908,-0.007902159936076097,-0.005268029786644689,-0.00263413014943132,-0.005268011559701413,0.6268536609792803,0.13201643342737898,-1.0,0.13201643342737898,-0.867983566572621,13,13,1.0,0.9999977946022732,0.08469409484558463,-0.0004613701993516628,0.11511894213089754,NO_HIT
125,13,1,0.008385253529493784,8.365424025391858,1.1292768514382463e-09,0.0,-0.2513521812632954,-0.25129373931874743,-0.16747383227135118,-0.0838199070473962,-0.1674632172077775,3.7331176414783642,0.4195337432605669,-0.9999999999999988,0.4195337432605664,-0.5804662567394323,13,13,1.0000000000000002,0.9984254930825774,0.01853136213855596,-4.408943053135772e-05,0.007820997695882364,NO_HIT
126,13,2,0.03999999999999992,8.764148807054918,3.362902900465886e-06,0.0,-0.07062881398241773,-0.07057748763921022,-0.047057103551538186,-0.023520384087671493,-0.0470899036530641,1.9767507573621115,0.3118539220498662,-0.9999999999999974,0.3118539220498654,-0.688146077950132,13,13,0.9999999999999999,0.9992130290155258,0.046519356575038674,-0.00011829748271985352,0.0376492735878516,NO_HIT
127,13,3,0.23228935922752858,8.930086314303146,3.385861711339024e-05,2.220446049250313e-16,-0.0016625227427326753,-0.0016625208252931286,-0.0011083471297234223,-0.0005541736955701482,-0.0011083483966349522,0.22223750393988517,0.05214186025153308,-0.9999999999999982,0.05214186025153299,-0.9478581397484652,13,13,1.0000000000000004,0.9999987815527699,0.09448404548173649,-0.0006455305866825967,0.22705716509449148,NO_HIT
128,13,0,0.12439402540951272,8.671398246867103,1.8832413803541574e-06,0.0,-0.05160588568176004,-0.051622702352055364,-0.03443188216613943,-0.01719082018591589,-0.03442013829886146,1.2057837474800084,0.22400159840983172,-1.0000000000000007,0.22400159840983186,-0.7759984015901689,13,13,1.0000000000000002,0.9999720908369092,0.04474806852655653,-9.77497160121743e-05,0.11658722241588482,NO_HIT
129,13,1,0.0004793393755788398,8.177830367299787,5.814148451666989e-09,0.0,-0.264196198557594,-0.26357482985485226,-0.17489774370733313,-0.08867708614751862,-0.17523930782015273,4.370127283734995,0.42173003403397646,-0.9999999999999979,0.4217300340339756,-0.5782699659660223,13,13,0.9999999999999999,0.9968327128138804,0.020121244735854332,-5.541958021737514e-05,0.00045900649707849303,NO_HIT
130,13,2,0.04000000000000003,8.740685092639236,2.8241065203589604e-06,2.220446049250313e-16,-0.08206765289309402,-0.08205471259955807,-0.05471567855362498,-0.02733903404593277,-0.05472288370645658,2.005708945006667,0.31537183464954166,-1.0000000000000007,0.3153718346495419,-0.6846281653504588,13,13,0.9999999999999998,0.99981092551886,0.05522641958327273,-0.0002059082704732873,0.03818585237522676,NO_HIT
131,13,3,0.2737359361266731,8.86241537450228,1.2143972425375578e-05,2.220446049250313e-16,-0.0006152317583911739,-0.0006152317945382447,-0.0004101546229468957,-0.00020507717159172836,-0.0004101545981569298,0.18250448266169947,0.04255375141726711,-1.0000000000000004,0.04255375141726713,-0.9574462485827333,13,13,1.0,0.9999999856758303,0.08611127714638342,-0.0004581916474961645,0.25720864085849426,NO_HIT
132,13,0,0.1409412471388076,8.884285550023437,1.6331289467071854e-05,0.0,-0.01426547574708045,-0.01426429731110988,-0.009509472709540731,-0.004754824601568737,-0.00951025385618922,0.7872122045959743,0.16060347426991534,-0.9999999999999988,0.16060347426991514,-0.8393965257300836,13,13,1.0,0.9999137291756803,0.07899427488142992,-0.0003581213792092086,0.13983246106795488,NO_HIT
133,13,1,9.999999999998899e-05,8.184556767109582,9.625191984043756e-12,0.0,-0.37341189297430616,-0.37348026860837746,-0.24921014554829013,-0.1242701230600878,-0.24891116612921232,4.798989178625124,0.43868051480545833,-0.9999999999999996,0.4386805148054581,-0.5613194851945414,13,13,0.9999999999999999,0.9970704078063799,0.007650138069844829,-1.0952055950141926e-05,9.166141610450484e-05,NO_HIT
134,13,2,0.03999999999999996,8.455427310098958,1.323841374495267e-06,0.0,-0.06228300076644337,-0.062252748009705226,-0.04152878202664831,-0.020723965983056,-0.04154806211804085,1.791194031949182,0.2862431085584101,-0.9999999999999998,0.28624310855841006,-0.7137568914415897,13,13,0.9999999999999998,0.9994618318210838,0.04060790396925167,-8.027269583266161e-05,0.03680861107967803,NO_HIT
135,13,3,0.2643334309509279,8.919494784974571,2.5936705225946678e-05,1.1102230246251565e-16,-0.0008248975739127053,-0.0008248970132227854,-0.0005499313761281421,-0.0002749656370942821,-0.0005499317477893,0.23788306541081736,0.0553083426747937,-0.999999999999999,0.05530834267479364,-0.9446916573252053,13,13,1.0000000000000002,0.9999990113702797,0.0931971033234093,-0.000608875575917267,0.26386815228071314,NO_HIT
136,13,0,0.11797232733907892,8.702828551524195,5.467510291800568e-06,0.0,-0.006682636378435694,-0.006682729429515553,-0.004455096274323028,-0.002227633155191991,-0.004455033233359792,0.9571229861937446,0.18420850785139062,-1.000000000000001,0.1842085078513908,-0.8157914921486102,13,13,1.0000000000000004,0.9999962386763275,0.0786043974746759,-0.00035284480700426,0.11548327592912455,NO_HIT
137,13,1,0.002314828065154484,8.084488323535682,7.976441508513521e-09,0.0,-0.19188274504794026,-0.19179507354564118,-0.12772547975504212,-0.06406959379059926,-0.12776100168401877,4.679028748573735,0.4396977309972143,-0.9999999999999993,0.43969773099721404,-0.5603022690027852,13,13,1.0000000000000002,0.9991897691163171,0.02886727874280767,-8.665187872303193e-05,0.0020285784724309863,NO_HIT
138,13,2,0.03999999999999968,8.633761766905085,3.36290290046588e-06,0.0,-0.18890488110674825,-0.19068675700854953,-0.1269115013022887,-0.06377525570626286,-0.12570003445975106,1.8575755657071524,0.2975425730144565,-1.000000000000001,0.29754257301445686,-0.7024574269855443,13,13,1.0,0.9995233623842511,0.04085597062970985,-0.00018620225379528677,0.03477198511695801,NO_HIT
139,13,3,0.22439923432071895,8.913338994111147,4.30744002497234e-05,2.220446049250313e-16,-0.00040397057677838907,-0.00040397057057871586,-0.000269313720654305,-0.00013465684992525206,-0.000269313724610776,0.24669269618561984,0.05649249587599101,-1.0000000000000016,0.0564924958759911,-0.9435075041240104,13,13,1.0000000000000004,0.9999999566322704,0.09322876884213126,-0.0006084572329925209,0.22132494262357183,NO_HIT
140,13,0,0.1384219473360675,8.794076151553352,1.1078988969598563e-05,0.0,-0.041998142110596305,-0.0420750220519978,-0.028048170251189535,-0.014026851800808315,-0.027996700405664942,0.8822851407764591,0.1745681007651288,-1.000000000000001,0.174568100765129,-0.8254318992348721,13,13,1.0000000000000004,0.9996528400333405,0.08040237015976608,-0.0004665274662940533,0.13757166310007396,NO_HIT
141,13,1,9.999999999921183e-05,6.758734781557623,7.839805909432418e-18,1.1102230246251565e-16,-0.27063768363149515,-0.2706581874213525,-0.18185748108337269,-0.08880070633797998,-0.18177591763186163,6.208148638576571,0.46497499005361953,-1.0000000000000044,0.4649749900536216,-0.5350250099463829,13,13,1.0,0.9998946587048906,0.0003577333816633011,-1.7318901868179637e-08,8.021221260079425e-05,NO_HIT
142,13,2,0.039999999999999994,8.480925225307715,1.6529769629098645e-06,0.0,-0.054197172025304316,-0.054193383813579916,-0.0361280843554941,-0.018065299458085955,-0.03613021087000021,1.7526389477609912,0.27794168220895754,-0.9999999999999992,0.2779416822089573,-0.7220583177910419,13,13,0.9999999999999999,0.9998635305099809,0.051070135744065326,-0.00012718873786354834,0.03726409461686153,NO_HIT
143,13,3,0.24090414074102254,8.944673900104412,3.18942393633868e-05,0.0,-0.0010226798505774608,-0.0010226776357830335,-0.0006817850572671811,-0.00034089257851704913,-0.0006817865289568716,0.22592714528967764,0.052932439078028005,-0.9999999999999994,0.05293243907802798,-0.9470675609219714,13,13,1.0,0.9999976043504766,0.09489996786187534,-0.0006555288648684154,0.23187793627622297,NO_HIT
144,13,0,0.16614419001879857,8.765297503805687,4.897729890741711e-06,2.220446049250313e-16,-0.08865014138566184,-0.0888130265300505,-0.05921701565609165,-0.029596010873958564,-0.059106908384473376,1.33178803855462,0.24139083798726116,-0.9999999999999994,0.24139083798726102,-0.7586091620127384,13,13,1.0,0.9998713223198958,0.05808141586386804,-0.0002471967076154158,0.15862826068593214,NO_HIT
145,13,1,0.00010000000000004005,7.786570032435572,7.697078651451754e-15,4.440892098500626e-16,-0.6656625262068016,-0.6654319009273998,-0.4452315232659302,-0.2202003776614706,-0.44449410140007917,9.015048585901035,0.5200270620953839,-0.999999999999998,0.5200270620953829,-0.47997293790461515,13,13,1.0,0.9977021606448959,0.0003252541561615346,-3.519819280484171e-08,8.072798234503393e-05,NO_HIT
146,13,2,0.039999999999999813,8.525577238095853,2.9502093402448935e-06,2.220446049250313e-16,-0.1055512546840401,-0.10539216108450386,-0.07022511864777646,-0.03516704243672711,-0.07031764329232171,1.883531322418345,0.2863954834543755,-1.0000000000000004,0.2863954834543756,-0.7136045165456248,13,13,1.0000000000000002,0.9981235348305018,0.05631559188240931,-0.0002542091586406059,0.03773393496944554,NO_HIT
147,13,3,0.3087618246913806,8.937358853349563,3.8936721067795426e-05,2.220446049250313e-16,-0.0011899783315372575,-0.0011899789679596594,-0.0007933193133815204,-0.0003966596545779723,-0.0007933188853647865,0.23070470052193937,0.054186366112245574,-0.9999999999999979,0.05418636611224546,-0.9458136338877524,13,13,1.0,0.9999997671804819,0.09187027384967444,-0.000575555470190281,0.29505856000526065,NO_HIT
148,13,0,0.12420583501136848,8.674575121021665,2.0378586158589934e-06,2.220446049250313e-16,-0.07531381589887541,-0.07529770847006075,-0.050195188966284235,-0.025102519503776302,-0.050204481766701406,1.555497855280644,0.2667077946662428,-0.9999999999999994,0.2667077946662426,-0.7332922053337568,13,13,1.0,0.9997444363318221,0.06152757098296732,-0.00027597843664572963,0.11697266063868733,NO_HIT
149,13,1,0.00025806898409098115,8.451202004919345,2.686723144869558e-11,4.440892098500626e-16,-0.1847040915767001,-0.1844934470264921,-0.1229251878465494,-0.06156825917994319,-0.12303134271524285,3.2502942563620145,0.3900311509410784,-1.000000000000002,0.39003115094107915,-0.6099688490589228,13,13,0.9999999999999998,0.9969618799385512,0.007785122188847309,-5.625183629121011e-06,0.00024059787049779874,NO_HIT
150,13,2,0.0399999999999997,8.352462654943498,1.3123627389066197e-06,0.0,-0.08287875744311582,-0.08285552615781122,-0.05523096339786715,-0.027624562759944068,-0.05524532366245205,1.9168506950199913,0.28990064566978585,-1.0000000000000018,0.28990064566978635,-0.7100993543302154,13,13,1.0000000000000002,0.999122323306462,0.05255691185503543,-0.00018391825193653233,0.03883604622150105,NO_HIT
151,13,3,0.21928855205923425,8.915888618902379,1.86692260911471e-05,4.440892098500626e-16,-0.00032050281505797723,-0.00032050281426960933,-0.00021366854495327378,-0.00010683426931637832,-0.00021366854533112897,0.21736663845665333,0.05069831808461023,-1.0000000000000009,0.05069831808461027,-0.9493016819153907,13,12,0.9999999999999999,0.9999999566443718,0.09258326179007934,-0.000591268918206822,0.21433560094827764,NO_HIT
152,13,0,0.10684229719210614,8.593033639766366,4.943566954265739e-06,2.220446049250313e-16,-0.036014562044755484,-0.036017513526452084,-0.02401454771274093,-0.012002965813710475,-0.024012442903389507,0.9455133238815636,0.18144077941407977,-0.9999999999999991,0.1814407794140796,-0.8185592205859196,13,13,1.0000000000000002,0.9999561068460239,0.06345774192727592,-0.0002162195458996763,0.10609421920370199,NO_HIT
153,13,1,0.00010000000000006113,7.832992282669208,2.2217233484235303e-10,0.0,-0.3456677239762616,-0.34628464006196596,-0.2313575275432213,-0.11492711251874449,-0.23072975874629875,5.733318211519991,0.46214573292510125,-1.0,0.46214573292510125,-0.5378542670748987,13,13,1.0000000000000002,0.9984815243736705,0.00859546725898781,-1.2862392193113692e-05,8.303075694308277e-05,NO_HIT
154,13,2,0.040000000000000105,8.777000068284343,3.362902900465892e-06,2.220446049250313e-16,-0.07418837337316575,-0.07417829242940069,-0.049459393702974024,-0.024718898726427282,-0.04946421160498763,2.013076251163861,0.31774661981886365,-1.0000000000000004,0.3177466198188638,-0.6822533801811366,13,13,0.9999999999999999,0.9997591499717979,0.050297025733620195,-0.0001517016859331477,0.03791269473210024,NO_HIT
155,13,3,0.2595250720722827,8.981130572939785,5.282353586322056e-05,0.0,-0.004166016491040377,-0.004166024871830767,-0.002777349725762831,-0.0013886751460680073,-0.002777343921635053,0.2754222475723199,0.06377842394611358,-1.0000000000000004,0.0637784239461136,-0.9362215760538868,13,13,1.0000000000000002,0.9999973487619999,0.09236724100609704,-0.0006002652629497618,0.2471502748102985,NO_HIT
156,13,0,0.11885954997969317,8.816839675845348,6.827498047310444e-06,2.220446049250313e-16,-0.006514682571853051,-0.006514708312225865,-0.004343152821386165,-0.0021715554908396384,-0.004343134635364494,0.5173674446318208,0.11019325277426212,-1.000000000000001,0.11019325277426224,-0.8898067472257388,13,13,1.0,0.999988649888423,0.0794820311156808,-0.00035086137671314077,0.11647560692181391,NO_HIT
157,13,1,0.0001000000000000214,7.416014918549788,1.5576833379876076e-17,0.0,-0.5150366706647601,-0.5167590192823941,-0.34339655561682164,-0.17336246366557223,-0.34169276764425843,5.458052066012677,0.42681754172652525,-1.0000000000000024,0.4268175417265263,-0.5731824582734761,13,13,1.0,0.9979285405692888,0.0005221786866276338,-7.045327876653573e-08,8.977843160497894e-05,NO_HIT
158,13,2,0.0399999999999997,8.468917081781353,1.961317097952615e-06,0.0,-0.024065759348141327,-0.02406444206733639,-0.01604244876934341,-0.008021993297992521,-0.016043281562927995,1.903718244770709,0.29090583736530173,-1.0000000000000002,0.2909058373653018,-0.7090941626346985,13,13,1.0000000000000004,0.9999437701649608,0.07350063324784503,-0.0002988733269599919,0.03790999847765836,NO_HIT
159,13,3,0.25809293947900136,8.93312229053247,3.454083081546155e-05,0.0,-0.0014528031643828447,-0.0014528027133651278,-0.0009685356642511557,-0.00048426704911446947,-0.0009685359597042713,0.23857761514420128,0.05547671407637235,-1.0000000000000013,0.055476714076372426,-0.9445232859236289,13,13,1.0000000000000002,0.9999982721081926,0.08988089178226713,-0.0005288245155981031,0.25510055321670433,NO_HIT
