mask,p_center,p_first,p_second,p_radial_first,p_minus,p_plus
0,0.00098865428074223854,-0.00026208856336517911,-0.0011017353933538616,-0.005006274445368877,0.0010181261659095145,0.00089099568012828562
1,0.0015552147455226383,-0.00024776513926005379,-0.0012218045754241018,-0.004901238288130977,0.0015777194834896142,0.0014567111547938293
2,0.002026415098086912,-0.00017813013786897443,-0.0015924517899317306,-0.0042293755448229563,0.00202040078764221,0.0019333776539099778
3,0.001934166085897404,-0.00023594841010083248,-0.00078027911684525248,-0.0042882067057265997,0.0019675646127230986,0.0018518217539212659
4,0.0025954673711801397,-7.8941359106108038e-05,-0.0019502092313621795,-0.0031099645280457779,0.0025540603835520724,0.002515558385998643
5,0.0025032183589906295,-0.00013675963133796609,-0.0011380365582757004,-0.0031687956889494191,0.0025012242086329605,0.0024340024860099335
6,0.0026240370796936831,-0.00023595883074884738,0.00019093436316262161,-0.0033213630659208074,0.0026877581312130393,0.0025711724413492319
7,0.0022419746392922987,-0.0001346457103902566,-0.0013133418009400935,-0.0033087369013514198,0.0022338371634711579,0.0021685687666611118
8,0.0027837943535481439,-2.0685253265504207e-05,-0.0019574517118280169,-0.0022605340239367699,0.002727800491504622,0.0027178997859500227
9,0.0036383369211770806,6.1617926187766635e-05,-0.0018714673451365954,-0.00094788955939506157,0.0035649618234526834,0.0035947823731872666
10,0.0031671365686128097,-8.0170752033125914e-06,-0.0015008201306289685,-0.0016197523027030836,0.0031222805193000915,0.0031181158740711213
11,0.0030223206949276304,-0.00010595380256945479,-0.00036226057447523766,-0.0019400110309057794,0.0030367924981563868,0.0029847466210679344
12,0.0033181738321532489,-0.0001219879529760801,0.00013241916426682702,-0.0016831956363119465,0.0033520922867565648,0.0032917171192101769
13,0.0031733579584680648,-0.00021992468034222202,0.0012709787204205555,-0.0020034543645146398,0.0032666042656128609,0.0031583478662069874
14,0.0030525392377650112,-0.00012072548093134071,-5.7992201017764828e-05,-0.0018508869875432515,0.0030800703430327817,0.0030211779108676898
15,0.0024876284175064309,-7.1552056523274192e-06,-0.002421095680016644,-0.0025230139956795676,0.0024138850533721281,0.0024110338296368184
16,0.0027837943535481413,-2.0685253265504163e-05,-0.0019574517118280143,-0.0022605340239367677,0.0027278004915046242,0.0027178997859500227
17,0.0038755179195450874,0.00011987403202837065,-0.0016892657296024337,9.0985040713946995e-05,0.0037936428544052422,0.0038520646961386473
18,0.0044632056658009287,0.0002338344891531231,-0.0021618474484903548,0.0013107161101286002,0.0043389655284387079,0.004452755061427561
19,0.00423964168848042,0.00010720585396617894,-0.00095006140680147964,0.00064603922348026158,0.0041834269036097743,0.0042361126850175498
20,0.0038941533927076975,0.00013464571039025657,-0.0018040900070599047,0.00019130509335142128,0.0038053059325288429,0.0038705743293388855
21,0.0036705894153871931,8.0170752033126405e-06,-0.00059230396537103243,-0.00047337179329691703,0.0036497673076999089,0.0036539319529288812
22,0.0039310616691313541,-0.00010594338192143995,0.0014729177535168895,-0.00010046286271157069,0.004002172133666446,0.0039509690876399686
23,0.0032864660577754234,6.7546031585734569e-06,-0.0012188403120864404,-0.0011226281540656084,0.0032474070204236917,0.0032500889302713642
24,0.0034462442955195821,-0.00010720585396617905,0.00044957731080148063,-0.0011465233194802617,0.0034863484233902263,0.0034336626419824521
25,0.004491372968020854,-6.7650238065883768e-06,0.0010799819840943135,0.000979399985871399,0.0045267020940662483,0.0045231773531566009
26,0.00390368522176502,-0.00012072548093134105,0.0015525637029822367,-0.00024033108354325382,0.0039813794200327778,0.0039224869878676915
27,0.0036867169605873037,-0.00023509696119786212,0.0026274670057749448,-0.00086781656689729092,0.0038261770112850801,0.0037109047429149293
28,0.00375264795822458,-6.754603158573528e-06,-8.0675591913559449e-05,-0.00017688774993439239,0.003751567652576305,0.0037488857427286364
29,0.0035356796970468706,-0.00012112608342509487,0.00099422771087915077,-0.00080437323328843029,0.0035963652438286025,0.0035373034977758742
30,0.0032752074433027097,-7.1656263003423323e-06,-0.0010709940080087695,-0.0011772821638737761,0.0032439604178620715,0.0032402663630647821
31,0.0026640152931568543,0.00012113650407310966,-0.0038512052868870236,-0.0020482345025173618,0.002514011564681454,0.0025739161417961611
32,0.0025954673711801419,-7.8941359106108092e-05,-0.0019502092313621808,-0.0031099645280457796,0.0025540603835520724,0.002515558385998643
33,0.0038266639035450835,0.00011987403202837055,-0.0018787098256024322,-9.8459055286052741e-05,0.0037387019314052404,0.0037971237731386459
34,0.0045753021848025984,0.0002773084959838262,-0.0022788880754908464,0.0018308342974059282,0.0044369719997575949,0.0045716734386066615
35,0.0043647261678467541,0.00012198795297607998,-0.00065081916426682667,0.0011647956363119443,0.0043141014632434331,0.0043744766307898236
36,0.0052534649928974832,0.00041997128157739491,-0.00277160204792178,0.0034524475974604283,0.0050650564899863476,0.0052691909708744234
37,0.0050428889759416458,0.00026465073856964913,-0.0011435331366977644,0.0027864089363664477,0.0049421859534721892,0.0050719941630575915
38,0.0052948716214168186,0.00013678047263399607,0.0010688814062599541,0.0031083802173378391,0.0052931106583871592,0.0053620180431341348
39,0.0044848271229635398,0.00024860616751500898,-0.0022587558219478252,0.0014289520667660743,0.0043542101835623058,0.0044748462716277968
40,0.003894153392707701,0.00013464571039025665,-0.0018040900070599058,0.00019130509335142152,0.0038053059325288429,0.0038705743293388889
41,0.0050787550315769779,0.00029334264639045108,-0.0013703719102329088,0.0029772148068120913,0.0049644587881574141,0.0051074895174644122
42,0.0043301167503194691,0.0001359081824349957,-0.00097019366034449734,0.0010479214541201127,0.0042661887198050582,0.004332939851996404
43,0.0041261364495064293,-7.1552056523273938e-06,0.00052099251198335671,0.0004190741963204321,0.0041436543993721301,0.0041408031756368186
44,0.0046281844055909164,8.0274958513275232e-06,0.0014323184586210946,0.0015556204708972918,0.0046700878662099708,0.0046750953425009137
45,0.0044242041047778792,-0.00013503589223599582,0.0029235046309489515,0.00092677321309761202,0.0045475535457770392,0.0044829586661413292
46,0.0041722214593027055,-7.1656263003422688e-06,0.0007110900879912297,0.00060480193212622329,0.0041966288408620701,0.0041929347860647807
47,0.0033955804220595137,0.00012026421387410968,-0.0027050003534914769,-0.00092341326573508649,0.003282544626099356,0.0033402929506584295
48,0.0033181738321532489,-0.00012198795297608011,0.00013241916426682716,-0.0016831956363119469,0.0033520922867565648,0.0032917171192101769
49,0.0046194434313871942,8.0170752033125727e-06,0.0013971401306289682,0.0015160723027030833,0.0046609582306999112,0.0046651228759288788
50,0.0053063472136858116,0.00015069028144489686,0.00093960448619015695,0.0031772337709517987,0.0052981723564387243,0.0053726128747686808
51,0.0050346260577754176,6.7546031585734569e-06,0.002173799687913557,0.0022700118459343887,0.0051013845204236881,0.0051040664302713628
52,0.0046281844055909085,8.0274958513275062e-06,0.0014323184586210924,0.0015556204708972899,0.0046700878662099708,0.0046750953425009093
53,0.0043564632496805337,-0.00013590818243499586,0.0026665136603444984,0.00064839854587988763,0.0044733000301949424,0.0044065488980035965
54,0.0046213994673819161,-0.00027858138867657993,0.0051314093047833079,0.0009945970776311739,0.004850858404456127,0.0047138313991637948
55,0.0038635721799687331,-0.0001207150602833259,0.00139829793497436,-0.00039022701134904474,0.0039355681325428408,0.0038775185314397229
56,0.0037526479582245765,-6.7546031585735246e-06,-8.0675591913559477e-05,-0.00017688774993439161,0.003751567652576305,0.0037488857427286364
57,0.004859125241601322,0.00013550757994124183,0.00025355444355241883,0.0022659634003749365,0.0048338429666008849,0.0049004247849045819
58,0.004172221459302709,-7.1656263003423323e-06,0.00071109008799123046,0.00060480193212622373,0.0041966288408620701,0.0041929347860647842
59,0.0039398757326024004,-0.00013549715929322696,0.0018926638844397078,-0.00011537523218072827,0.0040318204189091784,0.0039660814316674464
60,0.0038741538040312625,0.00012071506028332587,-0.0016914220309743599,9.710291534904513e-05,0.0037927296944571566,0.0038507792955602771
61,0.0036418080773309557,-7.6164727095586257e-06,-0.00050984823452588464,-0.00062307424895790729,0.0036279212725042658,0.003623925941162938
62,0.0033768718596295707,0.00013505673353202556,-0.0029747438789646963,-0.00096927278070919496,0.0032503628982430799,0.0033166434400027419
63,0.0027350860296534449,0.00024945761641797961,-0.0056721215073276317,-0.0019717696024046196,0.0024977044281242864,0.0026188111066214625
64,0.0020264150980869138,-0.00017813013786897451,-0.0015924517899317311,-0.0042293755448229572,0.00202040078764221,0.0019333776539099778
65,0.0030722706320838573,-3.7570852575099713e-05,-0.0014957939997061491,-0.0020493846721722415,0.0030348838045428264,0.0030161832180986008
66,0.003845299376707701,0.00013464571039025671,-0.0019935341030599065,1.8609973514211518e-06,0.0037503650095288411,0.0038156334063388911
67,0.0036676034313871926,8.0170752033126202e-06,-0.00061021986937103215,-0.0004912876972969169,0.0036461857306999096,0.0036503503759288815
68,0.0045753021848025941,0.00027730849598382593,-0.0022788880754908442,0.001830834297405926,0.0044369719997575949,0.0045716734386066528
69,0.004397606239482087,0.00015067986079688193,-0.00089557384180197046,0.0013376856027575883,0.0043327927209286651,0.0044063904081966454
70,0.004625198421590912,8.0274958513275435e-06,0.0014144025546210929,0.0015377045668972915,0.0046665062892099693,0.0046715137655009139
71,0.0039347347782349856,0.00012072548093134082,-0.0014488837029822351,0.00034401108354325339,0.0038603818299672212,0.0039192742621323093
72,0.0044632056658009287,0.00023383448915312313,-0.002161847448490354,0.0013107161101286011,0.0043389655284387001,0.0044527550614275532
73,0.0058331483030382054,0.00045078753099392127,-0.0017532877361291924,0.004928140423698278,0.0056682769150198315,0.0058884300725044582
74,0.0050601195584143634,0.00027857096802856509,-0.0012555476327754363,0.0028768947541746178,0.0049527957100338107,0.0050889798842641701
75,0.0048232591859659934,0.00010681567212043999,0.00048039321708756192,0.0020751575299292934,0.0048115701319156566,0.0048649294304977603
76,0.0053063472136858116,0.00015069028144489694,0.0009396044861901563,0.0031772337709517992,0.0052981723564387243,0.0053726128747686808
77,0.0050694868412374345,-2.1065014463228269e-05,0.0026755453360531524,0.0023754965467064713,0.0051569467783205624,0.0051485624210022719
78,0.0048418946591286044,0.00012158735048232595,0.0003655689396300891,0.0021754775825667668,0.0048232332100392574,0.004883439063698005
79,0.0039456727667880704,0.00024814490045777811,-0.0035148724724570705,0.00016152771748773604,0.0037763729796944424,0.003895864960153921
80,0.0031671365686128097,-8.0170752033126371e-06,-0.0015008201306289683,-0.0016197523027030839,0.0031222805193000889,0.0031181158740711213
81,0.004397606239482087,0.00015067986079688193,-0.00089557384180197035,0.0013376856027575879,0.0043327927209286694,0.0044063904081966497
82,0.0050601195584143678,0.0002785709680285653,-0.0012555476327754367,0.00287689475417462,0.004952795710033815,0.0050889798842641745
83,0.0048042992576013228,0.0001355075799412418,2.8278539552419008e-05,0.0020406874963749366,0.0047717388896008793,0.0048383207079045849
84,0.0043301167503194656,0.00013590818243499565,-0.00097019366034449648,0.0010479214541201122,0.0042661887198050617,0.0043329398519964006
85,0.0040742964495064328,-7.1552056523274056e-06,0.00031363251198335658,0.0002117141963204327,0.0040851318993721276,0.0040822806756368206
86,0.0043636231305741562,-0.00013504631288401071,0.0026809663029568232,0.00067986504490340292,0.0044799014102669798,0.0044144636995692918
87,0.0036447940613309514,-7.6164727095586774e-06,-0.00049193233052588319,-0.00060515834495790638,0.0036315028495042664,0.0036275075181629391
88,0.0039036852217650166,-0.00012072548093134097,0.0015525637029822359,-0.00024033108354325393,0.0039813794200327813,0.0039224869878676915
89,0.0050809624335064309,-7.1552056523273972e-06,0.0025462684159833571,0.002444350100320433,0.0051620084763721302,0.0051591572526368222
90,0.0044184491145741562,-0.00013504631288401069,0.0029062422069568231,0.00090514094890340325,0.0045420054872669802,0.004476567776569294
91,0.0041702025327764979,-0.00026425013607589518,0.0040381850328008477,0.0001139491173787266,0.0043614660497319907,0.0042318271540342251
92,0.004172221459302709,-7.1656263003423434e-06,0.00071109008799123056,0.00060480193212622394,0.0041966288408620701,0.0041929347860647885
93,0.0039239748775050584,-0.00013636944949222717,0.0018430329138352584,-0.00018638989939845252,0.0040160894033270736,0.0039481941635297144
94,0.0036346481964373311,-8.4783422605438784e-06,-0.00052430087713820734,-0.00065454074798142203,0.0036213198924322271,0.0036160111395972393
95,0.0029538641482912244,0.00013635902884421213,-0.003781891241827384,-0.0017568382687957564,0.0028017697111628612,0.002868822119898252
96,0.0026240370796936853,-0.00023595883074884765,0.00019093436316262156,-0.00332136306592081,0.0026877581312130393,0.0025711724413492319
97,0.0038674947109276305,-0.0001059538025694548,0.0012124635215247626,-0.00036528693490577897,0.0039309384211563886,0.0038788925440679353
98,0.0046251984215909207,8.0274958513274791e-06,0.0014144025546210957,0.0015377045668972936,0.0046665062892099736,0.0046715137655009139
99,0.0044112892336805347,-0.00013590818243499592,0.0028917895643444996,0.00087367444987988753,0.0045354041071949394,0.0044686529750035953
100,0.0052948716214168143,0.00013678047263399593,0.0010688814062599528,0.0031083802173378378,0.0052931106583871635,0.0053620180431341348
101,0.0050809624335064266,-7.155205652327409e-06,0.0025462684159833549,0.0024443501003204304,0.0051620084763721302,0.0051591572526368222
102,0.0053299977961104765,-0.00015070070209291173,0.0049615330898177207,0.0027195339648539972,0.0055238358350512143,0.0054485524856592868
103,0.0045143585406972877,7.1656263003423179e-06,0.00098522991200876886,0.0010915180678737753,0.0045428599091379297,0.0045465539639352173
104,0.0039310616691313506,-0.00010594338192143989,0.0014729177535168887,-0.00010046286271157038,0.004002172133666446,0.0039509690876399686
105,0.0051213268412374354,-2.106501446322832e-05,0.0028829053360531522,0.0025828565467064728,0.0052154692783205649,0.0052070849210022726
106,0.0043636231305741527,-0.00013504631288401061,0.0026809663029568219,0.00067986504490340281,0.0044799014102669798,0.0044144636995692961
107,0.0041572876616791541,-0.00026512242627489522,0.0040064699661963958,6.0850354161002786e-05,0.00434931661114989,0.0042175214628964938
108,0.0046213994673819205,-0.00027858138867658015,0.0051314093047833123,0.0009945970776311752,0.0048508584044561313,0.0047138313991637983
109,0.0044150639984869237,-0.00040865750206746512,0.0064569129680228906,0.00037558238688877493,0.0047202736053390398,0.0045168891624909951
110,0.0041660286358828737,-0.00026511200562688033,0.0040416482941885217,0.00010039852235521106,0.0043584462466599505,0.0042274939294685236
111,0.0033884344015667881,-8.9838146303322473e-05,-1.9346614826893682e-05,-0.0013448915055780336,0.0034063187002400094,0.0033652625694518233
112,0.0030525392377650164,-0.00012072548093134097,-5.7992201017764923e-05,-0.001850886987543255,0.0030800703430327817,0.0030211779108676898
113,0.0042357884175064303,-7.1552056523274395e-06,0.00097154431998335716,0.00086962600432043244,0.0042678625533721318,0.0042650113296368222
114,0.004841894659128613,0.00012158735048232612,0.00036556893963008899,0.0021754775825667703,0.0048232332100392574,0.0048834390636980094
115,0.0045936480773309503,-7.6164727095586867e-06,0.0014975117654741146,0.0013842857510420914,0.004642693772504267,0.004638698441162937
116,0.0041722214593027055,-7.16562630034229e-06,0.00071109008799122959,0.0006048019321262234,0.0041966288408620701,0.0041929347860647842
117,0.0039239748775050549,-0.00013636944949222703,0.0018430329138352569,-0.00018638989939845198,0.0040160894033270814,0.0039481941635297179
118,0.0041660286358828772,-0.00026511200562688049,0.0040416482941885244,0.00010039852235521137,0.0043584462466599505,0.004227493929468527
119,0.0034792726197367669,-0.00012027463452212441,0.00074822612149934829,-0.0010377308064591221,0.0035317329113905838,0.0034731417557695376
120,0.0032752074433027097,-7.1656263003423349e-06,-0.0010709940080087699,-0.0011772821638737767,0.0032439604178620685,0.0032402663630647852
121,0.0042407544380595116,0.00012026421387410964,-0.0011302762574914756,0.00065131083026491465,0.0041766905490993565,0.0042344388736584261
122,0.0036346481964373346,-8.4783422605438733e-06,-0.0005243008771382081,-0.0006545407479814229,0.0036213198924322271,0.0036160111395972393
123,0.00343041860373677,-0.00012027463452212453,0.00055878202549934923,-0.0012271749024591234,0.0034767919883905833,0.0034182008327695358
124,0.0033768718596295707,0.00013505673353202556,-0.0029747438789646972,-0.00096927278070919496,0.0032503628982430768,0.0033166434400027419
125,0.0031726422669290052,2.3260441270444871e-05,-0.0018916609763271392,-0.0015419069351868949,0.0031058349942014343,0.0031188331331750379
126,0.0029305885085511808,0.0001520029974050982,-0.0040902763566804026,-0.0018286953569405569,0.0027634781508685622,0.0028395333672362249
127,0.0023735006991955103,0.00024816574175380774,-0.0061971599124728168,-0.002512020042123848,0.002119803827714564,0.0022409814702979863
128,0.0015552147455226383,-0.00024776513926005368,-0.0012218045754241015,-0.0049012382881309753,0.0015777194834896142,0.0014567111547938293
129,0.0024053664384616792,-0.00016631340870975332,-0.0011509263313528816,-0.0036163439624185799,0.0024102459168756944,0.0023284882530374145
130,0.0030722706320838573,-3.7570852575099733e-05,-0.0014957939997061488,-0.0020493846721722419,0.0030348838045428238,0.0030161832180986034
131,0.0029318456330885792,-0.00013465613103827152,-0.00034212832093222055,-0.0023418932615456296,0.0029540306819610977,0.0028879194540890776
132,0.0038266639035450865,0.00011987403202837059,-0.0018787098256024337,-9.8459055286053662e-05,0.0037387019314052404,0.0037971237731386459
133,0.0036862389045498093,2.2788753565198756e-05,-0.00072504414682850529,-0.00039096764465944257,0.0036578488088235155,0.003668860009129124
134,0.0038674947109276305,-0.00010595380256945478,0.0012124635215247622,-0.00036528693490577854,0.0039309384211563851,0.0038788925440679353
135,0.0032981930159791434,6.765023806588376e-06,-0.0011657460800943136,-0.0010651640818713996,0.0032601182329337541,0.0032636429738433972
136,0.0038755179195450874,0.00011987403202837064,-0.0016892657296024337,9.0985040713946778e-05,0.0037936428544052352,0.0038520646961386438
137,0.0050645104331042629,0.00027942241693153529,-0.0012404415101552374,0.0029046448930039239,0.0049574306085957889,0.0050940853732578334
138,0.004397606239482087,0.00015067986079688193,-0.00089557384180197121,0.0013376856027575879,0.0043327927209286651,0.0044063904081966497
139,0.0041952070319791444,6.7650238065883082e-06,0.00061633801590568608,0.0007169200141286001,0.0042127866559337522,0.0042163113968433979
140,0.0046194434313871977,8.017075203312627e-06,0.0013971401306289689,0.0015160723027030849,0.0046609582306999112,0.0046651228759288788
141,0.0044170442238842499,-0.00013589776178698083,0.0029090519883366228,0.00089530671407409468,0.0045409521657050018,0.0044750438645756287
142,0.004235788417506426,-7.1552056523273955e-06,0.00097154431998335597,0.00086962600432043146,0.0042678625533721284,0.0042650113296368143
143,0.0034515943189531357,0.00012112608342509487,-0.002501103614879153,-0.00070250267071157052,0.0033440869291713939,0.0034031486752241257
144,0.0036383369211770841,6.1617926187766743e-05,-0.0018714673451365972,-0.00094788955939506287,0.0035649618234526834,0.0035947823731872701
145,0.0050645104331042629,0.00027942241693153534,-0.0012404415101552374,0.0029046448930039239,0.0049574306085957975,0.0050940853732578378
146,0.0058331483030382106,0.00045078753099392165,-0.0017532877361291937,0.0049281404236982823,0.0056682769150198367,0.0058884300725044634
147,0.0055400570558999402,0.00027818078618282603,-0.00023981300888639313,0.0038912930606236516,0.0054638939383396933,0.0056007516297443922
148,0.0050787550315769779,0.00029334264639045119,-0.001370371910232909,0.0029772148068120921,0.0049644587881574184,0.0051074895174644122
149,0.0047856637844387083,0.00012073590157935578,0.00014310281700989091,0.0019403674437374623,0.0047600758114772759,0.0048198110747043436
150,0.0051213268412374398,-2.1065014463228347e-05,0.0028829053360531548,0.0025828565467064736,0.0052154692783205649,0.0052070849210022769
151,0.0042813358235867949,0.00010634398441519371,-0.00077506995341380426,0.00080401682045674612,0.0042317664465377283,0.0042831388064518512
152,0.004491372968020854,-6.7650238065883844e-06,0.0010799819840943139,0.00097939998587139986,0.0045267020940662449,0.0045231773531566009
153,0.0058496003034403743,0.00016420990841005861,0.0020334221900094014,0.004467845631014788,0.0058728547827961667,0.0059535019518834418
154,0.0050809624335064352,-7.1552056523275047e-06,0.0025462684159833593,0.0024443501003204348,0.005162008476372125,0.005159157252636817
155,0.0047982546867633459,-0.00016419948776204358,0.0039022402339827233,0.0014721866331794198,0.0049602495257138933,0.0048804451876885944
156,0.0048591252416013263,0.00013550757994124191,0.00025355444355241866,0.0022659634003749382,0.0048338429666008771,0.0049004247849045862
157,0.0045764174948582422,-2.1536702168474489e-05,0.0016095262615517876,0.0012937999332339255,0.0046320840159426429,0.0046217127199563619
158,0.0042407544380595116,0.00012026421387410964,-0.0011302762574914756,0.00065131083026491422,0.0041766905490993565,0.0042344388736584261
159,0.0034479425961261561,0.00026337784587689514,-0.0047956600994052967,-0.00089280788059644973,0.0032340557616859097,0.0033615384048280442
160,0.0025032183589906317,-0.00013675963133796617,-0.0011380365582757011,-0.0031687956889494212,0.0025012242086329605,0.0024340024860099313
161,0.0036862389045498063,2.2788753565198695e-05,-0.00072504414682850453,-0.00039096764465944165,0.0036578488088235155,0.003668860009129124
162,0.0043976062394820914,0.00015067986079688204,-0.000895573841801971,0.0013376856027575894,0.0043327927209286651,0.0044063904081966497
163,0.0041952070319791444,6.7650238065883378e-06,0.00061633801590568586,0.0007169200141286001,0.0042127866559337488,0.0042163113968433979
164,0.0050428889759416458,0.00026465073856964919,-0.0011435331366977648,0.0027864089363664477,0.0049421859534721892,0.0050719941630575915
165,0.0048404897684387067,0.00012073590157935573,0.00036837872100989148,0.0021656433477374617,0.0048221798884772772,0.004881915151704345
166,0.0050809624335064352,-7.1552056523274166e-06,0.0025462684159833584,0.0024443501003204343,0.0051620084763721302,0.005159157252636817
167,0.0043027403029531333,0.00012112608342509477,-0.00089054771087915133,0.00090805323328842951,0.0042453960061713978,0.0043044577522241235
168,0.0036705894153871931,8.0170752033126219e-06,-0.00059230396537103254,-0.0004733717932969167,0.0036497673076999119,0.0036539319529288812
169,0.0047856637844387083,0.00012073590157935572,0.00014310281700989183,0.0019403674437374623,0.0047600758114772802,0.0048198110747043436
170,0.0040742964495064328,-7.1552056523274378e-06,0.00031363251198335669,0.00021171419632043235,0.0040851318993721311,0.0040822806756368206
171,0.0038822807423986778,-0.00013550757994124177,0.0016680414604475814,-0.00034436749637493675,0.0039677498603991196,0.0039011680420954161
172,0.0043564632496805337,-0.00013590818243499592,0.0026665136603445001,0.00064839854587988742,0.0044733000301949424,0.0044065488980035965
173,0.00416444754257278,-0.00026426055672391029,0.0040209226088087236,9.2316853184518181e-05,0.0043559179912219291,0.0042254362644621925
174,0.0039239748775050549,-0.00013636944949222703,0.0018430329138352578,-0.00018638989939845208,0.0040160894033270779,0.003948194163529711
175,0.0031929319226690466,7.6164727095586469e-06,-0.0016011917654741167,-0.0014879657510420933,0.0031405449774957322,0.0031445403088370652
176,0.0031733579584680674,-0.00021992468034222212,0.0012709787204205573,-0.0020034543645146411,0.0032666042656128609,0.0031583478662069904
177,0.0044170442238842533,-0.00013589776178698094,0.0029090519883366245,0.00089530671407409609,0.0045409521657050018,0.0044750438645756287
178,0.0050694868412374389,-2.1065014463228415e-05,0.0026755453360531559,0.002375496546706473,0.0051569467783205668,0.0051485624210022719
179,0.0048097302790323388,-0.00015028967895114282,0.0037729633139129276,0.0015410401867933792,0.0049653112237654524,0.0048910400193231379
180,0.0044242041047778671,-0.00013503589223599549,0.0029235046309489441,0.00092677321309760953,0.0045475535457770392,0.0044829586661413248
181,0.00416444754257278,-0.00026426055672391029,0.0040209226088087236,9.2316853184518303e-05,0.0043559179912219326,0.0042254362644621925
182,0.0044150639984869193,-0.00040865750206746463,0.0064569129680228836,0.0003755823868887745,0.0047202736053390355,0.0045168891624909951
183,0.0036908908574809227,-0.00023423509164687667,0.0026240037443872664,-0.00085426597187377492,0.0038291968143571204,0.0037152379674806266
184,0.0035356796970468672,-0.0001211260834250948,0.00099422771087915056,-0.00080437323328842964,0.0035963652438286055,0.0035373034977758742
185,0.0045764174948582379,-2.1536702168474493e-05,0.0016095262615517863,0.0012937999332339239,0.0046320840159426472,0.0046217127199563533
186,0.0039239748775050549,-0.000136369449492227,0.0018430329138352571,-0.00018638989939845192,0.0040160894033270779,0.0039481941635297179
187,0.0037054255230172485,-0.00024988948085577815,0.0028972105312481669,-0.0008219570519231831,0.0038583587391413563,0.0037345542535706135
188,0.0036418080773309557,-7.6164727095586884e-06,-0.00050984823452588366,-0.00062307424895790707,0.0036279212725042658,0.003623925941162938
189,0.0034232587228431484,-0.00012113650407310979,0.00054432938288702512,-0.0012586414014826392,0.0034701906083185411,0.0034102860312038409
190,0.0031726422669290052,2.3260441270444864e-05,-0.0018916609763271388,-0.0015419069351868949,0.0031058349942014373,0.0031188331331750379
191,0.00256900317809325,0.00015071112274092665,-0.0046153147618255936,-0.002368945796659788,0.002385577550458842,0.0024617037309127491
192,0.0019341660858974055,-0.00023594841010083264,-0.00078027911684525313,-0.0042882067057266014,0.0019675646127231003,0.0018518217539212659
193,0.0029318456330885792,-0.00013465613103827158,-0.00034212832093222061,-0.00234189326154563,0.0029540306819611029,0.0028879194540890776
194,0.0036676034313871957,8.01707520331261e-06,-0.00061021986937103269,-0.00049128769729691745,0.0036461857306999096,0.0036503503759288815
195,0.0034980842955195839,-0.0001072058539661791,0.00065693731080148081,-0.00093916331948026225,0.0035448709233902283,0.0034921851419824541
196,0.0043647261678467541,0.00012198795297607998,-0.00065081916426682667,0.0011647956363119445,0.0043141014632434365,0.0043744766307898236
197,0.0041952070319791444,6.76502380658837e-06,0.00061633801590568553,0.00071692001412859989,0.0042127866559337522,0.0042163113968433979
198,0.0044112892336805312,-0.00013590818243499578,0.0028917895643444974,0.00087367444987988764,0.0045354041071949394,0.0044686529750035953
199,0.0037526479582245765,-6.7546031585734764e-06,-8.0675591913559734e-05,-0.00017688774993439155,0.0037515676525763085,0.0037488857427286329
200,0.00423964168848042,0.00010720585396617904,-0.00095006140680148051,0.00064603922348026224,0.0041834269036097665,0.0042361126850175455
201,0.0055400570558999359,0.00027818078618282598,-0.00023981300888639294,0.003891293060623649,0.0054638939383396933,0.005600751629744387
202,0.0048042992576013228,0.00013550757994124186,2.827853955241868e-05,0.0020406874963749366,0.0047717388896008836,0.0048383207079045849
203,0.0045794034788582422,-2.1536702168474462e-05,0.0016274421655517873,0.0013117158372339254,0.0046356655929426461,0.0046252942969563548
204,0.0050346260577754272,6.7546031585734789e-06,0.0021737996879135613,0.0022700118459343934,0.0051013845204236933,0.0051040664302713628
205,0.0048097302790323388,-0.00015028967895114277,0.0037729633139129263,0.0015410401867933794,0.0049653112237654524,0.0048910400193231335
206,0.0045936480773309503,-7.6164727095586748e-06,0.0014975117654741146,0.0013842857510420917,0.0046426937725042635,0.004638698441162937
207,0.0037430242673976047,0.00013549715929322704,-0.0024110638844397092,-0.00040302476781927207,0.0036343733310908212,0.0037001123183325541
208,0.0030223206949276304,-0.0001059538025694548,-0.00036226057447523799,-0.0019400110309057794,0.0030367924981563868,0.0029847466210679344
209,0.0041952070319791444,6.7650238065883777e-06,0.00061633801590568575,0.00071692001412860032,0.0042127866559337566,0.0042163113968434014
210,0.0048232591859659977,0.00010681567212044003,0.00048039321708756225,0.0020751575299292964,0.0048115701319156566,0.0048649294304977646
211,0.0045794034788582388,-2.1536702168474486e-05,0.0016274421655517862,0.0013117158372339239,0.0046356655929426427,0.0046252942969563591
212,0.0041261364495064259,-7.1552056523274302e-06,0.00052099251198335628,0.00041907419632043188,0.0041436543993721301,0.0041408031756368152
213,0.0038822807423986778,-0.00013550757994124186,0.0016680414604475819,-0.0003443674963749367,0.0039677498603991161,0.0039011680420954161
214,0.0041572876616791585,-0.00026512242627489555,0.0040064699661964001,6.0850354161002962e-05,0.0043493166111498865,0.0042175214628964938
215,0.0034721127388431441,-0.0001211365040731096,0.00073377347888702428,-0.0010691973054826375,0.0035251315313185446,0.0034652269542038423
216,0.0036867169605873037,-0.00023509696119786218,0.0026274670057749453,-0.00086781656689729136,0.0038261770112850801,0.0037109047429149293
217,0.0047982546867633459,-0.00016419948776204372,0.0039022402339827242,0.0014721866331794205,0.0049602495257138933,0.0048804451876885901
218,0.0041702025327765022,-0.00026425013607589551,0.0040381850328008503,0.00011394911737872648,0.0043614660497319907,0.0042318271540342251
219,0.003935752323191345,-0.00037864245763844612,0.0050427316796093037,-0.00059263270236372745,0.0041880043699641665,0.004000299975937394
220,0.0039398757326024004,-0.00013549715929322699,0.0018926638844397091,-0.00011537523218072849,0.0040318204189091784,0.0039660814316674498
221,0.0037054255230172485,-0.00024988948085577815,0.002897210531248166,-0.00082195705192318396,0.0038583587391413528,0.0037345542535706169
222,0.0034304186037367669,-0.00012027463452212448,0.00055878202549934891,-0.0012271749024591219,0.0034767919883905833,0.0034182008327695358
223,0.0027877812967310295,3.7612535167159284e-05,-0.0027250844963253459,-0.002154014463050925,0.0026896428334974151,0.0027117147441895364
224,0.002241974639292303,-0.00013464571039025681,-0.0013133418009400959,-0.003308736901351425,0.0022338371634711579,0.0021685687666611118
225,0.0032981930159791464,6.7650238065883878e-06,-0.0011657460800943147,-0.0010651640818714007,0.0032601182329337541,0.0032636429738434002
226,0.0039347347782349891,0.00012072548093134094,-0.0014488837029822362,0.00034401108354325366,0.0038603818299672178,0.0039192742621323093
227,0.00375264795822458,-6.7546031585735119e-06,-8.0675591913559707e-05,-0.00017688774993439223,0.0037515676525763085,0.0037488857427286364
228,0.0044848271229635441,0.0002486061675150092,-0.0022587558219478278,0.0014289520667660756,0.0043542101835623093,0.0044748462716278012
229,0.0043027403029531333,0.00012112608342509481,-0.00089054771087915166,0.00090805323328842973,0.0042453960061713944,0.0043044577522241313
230,0.0045143585406972921,7.1656263003423722e-06,0.00098522991200876995,0.0010915180678737759,0.0045428599091379297,0.0045465539639352173
231,0.0038223138040312629,0.00012071506028332588,-0.0018987820309743603,-0.00011025708465095465,0.0037342071944571581,0.0037922567955602773
232,0.0032864660577754234,6.7546031585734687e-06,-0.0012188403120864401,-0.0011226281540656084,0.0032474070204236917,0.0032500889302713642
233,0.0042813358235867984,0.00010634398441519382,-0.00077506995341380469,0.0008040168204567472,0.0042317664465377318,0.0042831388064518468
234,0.0036447940613309544,-7.6164727095586968e-06,-0.00049193233052588427,-0.00060515834495790692,0.0036315028495042664,0.0036275075181629391
235,0.0034721127388431471,-0.00012113650407310972,0.00073377347888702439,-0.0010691973054826383,0.0035251315313185446,0.0034652269542038393
236,0.0038635721799687365,-0.00012071506028332598,0.0013982979349743611,-0.00039022701134904507,0.0039355681325428443,0.0038775185314397264
237,0.0036908908574809292,-0.00023423509164687711,0.0026240037443872708,-0.00085426597187377676,0.0038291968143571204,0.0037152379674806266
238,0.0034792726197367669,-0.00012027463452212445,0.00074822612149934948,-0.0010377308064591225,0.0035317329113905838,0.0034731417557695345
239,0.0028297654989010131,7.1760469483572218e-06,-0.0021469558559991044,-0.0020362978599320152,0.0027601161216479911,0.0027646530075072519
240,0.002487628417506433,-7.1552056523274082e-06,-0.0024210956800166461,-0.0025230139956795711,0.0024138850533721302,0.0024110338296368184
241,0.0034515943189531327,0.00012112608342509476,-0.0025011036148791508,-0.00070250267071156986,0.003344086929171397,0.0034031486752241287
242,0.0039456727667880704,0.00024814490045777811,-0.00351487247245707,0.00016152771748773517,0.0037763729796944459,0.003895864960153921
243,0.0037430242673975977,0.00013549715929322671,-0.0024110638844397039,-0.00040302476781927114,0.0036343733310908212,0.0037001123183325541
244,0.0033955804220595076,0.00012026421387410953,-0.0027050003534914726,-0.00092341326573508508,0.003282544626099356,0.0033402929506584295
245,0.0031929319226690466,7.6164727095586579e-06,-0.0016011917654741167,-0.0014879657510420933,0.0031405449774957353,0.0031445403088370652
246,0.0033884344015667851,-8.9838146303322392e-05,-1.9346614826894228e-05,-0.0013448915055780327,0.0034063187002400094,0.0033652625694518233
247,0.0028297654989010131,7.1760469483572362e-06,-0.0021469558559991052,-0.0020362978599320156,0.0027601161216479911,0.0027646530075072519
248,0.0026640152931568543,0.00012113650407310967,-0.0038512052868870236,-0.0020482345025173618,0.002514011564681454,0.0025739161417961611
249,0.0034479425961261561,0.00026337784587689514,-0.0047956600994052967,-0.00089280788059644994,0.0032340557616859123,0.0033615384048280412
250,0.0029538641482912244,0.00013635902884421211,-0.003781891241827384,-0.0017568382687957569,0.0028017697111628612,0.0028688221198982494
251,0.0027877812967310321,3.7612535167159379e-05,-0.0027250844963253502,-0.0021540144630509276,0.0026896428334974151,0.0027117147441895338
252,0.0027350860296534449,0.00024945761641797961,-0.0056721215073276326,-0.0019717696024046196,0.0024977044281242864,0.0026188111066214647
253,0.00256900317809325,0.00015071112274092673,-0.0046153147618255945,-0.0023689457966597888,0.002385577550458842,0.0024617037309127491
254,0.0023735006991955081,0.00024816574175380747,-0.0061971599124728089,-0.0025120200421238463,0.002119803827714564,0.002240981470297988
255,0.0019217390993465948,0.00030341738730412784,-0.0073663185909586129,-0.0028730942755344209,0.0016240133860409985,0.0017675739586835327
